episode_id,section_index,gender,minutes,s√µnaliik,raw_count,freq_per_60_min
20190101_mehed_ei_nuta_suur_uusaastasaade_absoluutne_tde_ehk_eelmise_spordiaasta_top25_edetabel,1,M,6.895333333333334,adverbid,170,1479.2613361693898
20190101_mehed_ei_nuta_suur_uusaastasaade_absoluutne_tde_ehk_eelmise_spordiaasta_top25_edetabel,2,M,38.38016666666667,adverbid,1203,1880.6588472344656
20190101_mehed_ei_nuta_suur_uusaastasaade_absoluutne_tde_ehk_eelmise_spordiaasta_top25_edetabel,3,M,1.4586666666666663,adverbid,35,1439.6709323583184
20190101_mehed_ei_nuta_suur_uusaastasaade_absoluutne_tde_ehk_eelmise_spordiaasta_top25_edetabel,4,M,70.77066666666666,adverbid,2153,1825.3325294849094
20190101_mehed_ei_nuta_suur_uusaastasaade_absoluutne_tde_ehk_eelmise_spordiaasta_top25_edetabel,5,M,0.919333333333346,adverbid,25,1631.617113850594
20190101_mehed_ei_nuta_suur_uusaastasaade_absoluutne_tde_ehk_eelmise_spordiaasta_top25_edetabel,6,M,0.2809999999999945,adverbid,4,854.0925266904081
20190102_58_saade__ajurveeda_edendaja_kaja_keil,0,F,43.91566666666667,adverbid,1165,1591.6870972394058
20190102_esialgu_nimeta_podcast_ep_2,0,M,1.714,adverbid,16,560.0933488914819
20190102_esialgu_nimeta_podcast_ep_2,1,M,1.777,adverbid,34,1148.0022509848056
20190102_esialgu_nimeta_podcast_ep_2,3,M,1.5433333333333337,adverbid,33,1282.9373650107987
20190102_esialgu_nimeta_podcast_ep_2,5,M,2.9161666666666664,adverbid,60,1234.4973424015548
20190102_esialgu_nimeta_podcast_ep_2,6,M,0.2553333333333332,adverbid,7,1644.90861618799
20190102_esialgu_nimeta_podcast_ep_2,8,M,0.4810000000000002,adverbid,9,1122.6611226611224
20190102_esialgu_nimeta_podcast_ep_2,9,M,0.3786666666666671,adverbid,8,1267.6056338028156
20190102_esialgu_nimeta_podcast_ep_2,11,M,1.0490000000000008,adverbid,19,1086.7492850333642
20190102_esialgu_nimeta_podcast_ep_2,12,M,13.065,adverbid,348,1598.1630309988518
20190102_esialgu_nimeta_podcast_ep_2,13,M,14.116166666666665,adverbid,337,1432.4002030768509
20190102_esialgu_nimeta_podcast_ep_2,14,M,2.2681666666666613,adverbid,49,1296.2010434271467
20190102_esialgu_nimeta_podcast_ep_2,15,M,5.465000000000002,adverbid,147,1613.9066788655073
20190102_esialgu_nimeta_podcast_ep_2,16,M,1.425,adverbid,33,1389.4736842105262
20190102_esialgu_nimeta_podcast_ep_2,17,M,1.8841666666666697,adverbid,48,1528.5272003538234
20190102_esialgu_nimeta_podcast_ep_2,18,M,1.5386666666666693,adverbid,28,1091.8544194107433
20190102_esialgu_nimeta_podcast_ep_2,19,M,1.600999999999999,adverbid,31,1161.7738913179269
20190102_esialgu_nimeta_podcast_ep_2,20,M,0.1866666666666712,adverbid,2,642.8571428571272
20190102_esialgu_nimeta_podcast_ep_2,21,M,0.117833333333336,adverbid,1,509.19377652049735
20190102_esialgu_nimeta_podcast_ep_2,22,M,0.7818333333333309,adverbid,10,767.426987849075
20190102_esialgu_nimeta_podcast_ep_2,23,M,1.2426666666666657,adverbid,29,1400.214592274679
20190102_esialgu_nimeta_podcast_ep_2,24,M,0.0433333333333318,adverbid,1,1384.6153846154332
20190102_esialgu_nimeta_podcast_ep_4,0,M,4.7108333333333325,adverbid,134,1706.7044047408458
20190102_esialgu_nimeta_podcast_ep_4,1,M,5.327333333333334,adverbid,141,1588.0365411087473
20190102_esialgu_nimeta_podcast_ep_4,2,M,37.60733333333334,adverbid,1040,1659.250855329634
20190102_esialgu_nimeta_podcast_ep_4,3,M,5.818666666666664,adverbid,183,1887.0302474793775
20190102_esialgu_nimeta_podcast_ep_4,4,M,4.514666666666669,adverbid,127,1687.8322504429998
20190108_mehed_ei_nuta_aasta_suured_ksimused__kas_tnak_vidab_tiitli_kas_kirt_viskab_90_meetrit,1,M,24.004166666666663,adverbid,763,1907.1688942891858
20190108_mehed_ei_nuta_aasta_suured_ksimused__kas_tnak_vidab_tiitli_kas_kirt_viskab_90_meetrit,2,M,21.29866666666667,adverbid,651,1833.9176161262048
20190108_mehed_ei_nuta_aasta_suured_ksimused__kas_tnak_vidab_tiitli_kas_kirt_viskab_90_meetrit,3,M,4.30016666666667,adverbid,92,1283.671175535831
20190108_mehed_ei_nuta_aasta_suured_ksimused__kas_tnak_vidab_tiitli_kas_kirt_viskab_90_meetrit,4,M,5.474666666666667,adverbid,162,1775.4505601558694
20190108_mehed_ei_nuta_aasta_suured_ksimused__kas_tnak_vidab_tiitli_kas_kirt_viskab_90_meetrit,5,M,20.710666666666665,adverbid,633,1833.8376360007728
20190109_59_saade__astroloog_taimi_uuesoo_tutvustab_meile_13_thtkuju,0,F,0.9045,adverbid,18,1194.0298507462685
20190109_59_saade__astroloog_taimi_uuesoo_tutvustab_meile_13_thtkuju,1,F,41.34983333333333,adverbid,1363,1977.758878512207
20190115_mehed_ei_nuta_kas_ott_tnak_peaks_olema_aeglasem_kas_lati_alt_jooksis_kullame_vi_klubi_omanik,1,M,4.868166666666666,adverbid,149,1836.4202814201103
20190115_mehed_ei_nuta_kas_ott_tnak_peaks_olema_aeglasem_kas_lati_alt_jooksis_kullame_vi_klubi_omanik,2,M,14.613833333333332,adverbid,520,2134.9634478747307
20190115_mehed_ei_nuta_kas_ott_tnak_peaks_olema_aeglasem_kas_lati_alt_jooksis_kullame_vi_klubi_omanik,3,M,8.922666666666665,adverbid,265,1781.9784817692773
20190115_mehed_ei_nuta_kas_ott_tnak_peaks_olema_aeglasem_kas_lati_alt_jooksis_kullame_vi_klubi_omanik,5,M,8.005833333333332,adverbid,260,1948.5791610284173
20190115_mehed_ei_nuta_kas_ott_tnak_peaks_olema_aeglasem_kas_lati_alt_jooksis_kullame_vi_klubi_omanik,6,M,20.665000000000003,adverbid,676,1962.7389305589156
20190115_mehed_ei_nuta_kas_ott_tnak_peaks_olema_aeglasem_kas_lati_alt_jooksis_kullame_vi_klubi_omanik,7,M,1.978666666666671,adverbid,63,1910.3773584905618
20190115_mehed_ei_nuta_kas_ott_tnak_peaks_olema_aeglasem_kas_lati_alt_jooksis_kullame_vi_klubi_omanik,8,M,5.863333333333336,adverbid,200,2046.6173962478672
20190117_61_saade__veedatar_alexis_varnum_aitab_sul_leida_endale_ideaalse_maailma,0,F,41.64533333333333,adverbid,955,1375.9044630850997
20190204_63_saade__niad_helve_ja_liina_soovitavad_armastust_maagiaga_mitte_meelitada,0,F,36.162,adverbid,982,1629.3346606935459
20190204_63_saade__niad_helve_ja_liina_soovitavad_armastust_maagiaga_mitte_meelitada,1,F,6.474666666666667,adverbid,141,1306.6309719934104
20190307_67_saade_rgime_kogukonnast_kus_kik_mehed_on_naistele_truud,0,F,1.546,adverbid,41,1591.203104786546
20190307_67_saade_rgime_kogukonnast_kus_kik_mehed_on_naistele_truud,1,F,5.028166666666667,adverbid,95,1133.6139746096985
20190307_67_saade_rgime_kogukonnast_kus_kik_mehed_on_naistele_truud,2,F,0.7946666666666667,adverbid,8,604.0268456375838
20190307_67_saade_rgime_kogukonnast_kus_kik_mehed_on_naistele_truud,3,F,12.514666666666669,adverbid,349,1673.2367355636052
20190307_67_saade_rgime_kogukonnast_kus_kik_mehed_on_naistele_truud,4,F,13.447333333333331,adverbid,305,1360.8646076049777
20190307_67_saade_rgime_kogukonnast_kus_kik_mehed_on_naistele_truud,6,F,6.178666666666663,adverbid,130,1262.4082865774717
20190408_68_saade__hingamisterapeudid_annavad_npuniteid_kuidas_end_terveks_ja_nnelikuks_hingata,0,F,39.77,adverbid,1292,1949.2079456877045
20190408_68_saade__hingamisterapeudid_annavad_npuniteid_kuidas_end_terveks_ja_nnelikuks_hingata,1,F,2.1498333333333295,adverbid,50,1395.4570121714887
20190408_71_saade__klas_kis_veider_kerglane_hullumeelne_ja_leldse_defineerimatu_kaidi_karilaid,0,F,7.418,adverbid,223,1803.7206794284173
20190408_71_saade__klas_kis_veider_kerglane_hullumeelne_ja_leldse_defineerimatu_kaidi_karilaid,1,F,8.890666666666668,adverbid,259,1747.9004199160165
20190408_71_saade__klas_kis_veider_kerglane_hullumeelne_ja_leldse_defineerimatu_kaidi_karilaid,2,F,11.229833333333334,adverbid,284,1517.386722866175
20190408_71_saade__klas_kis_veider_kerglane_hullumeelne_ja_leldse_defineerimatu_kaidi_karilaid,3,F,0.1481666666666645,adverbid,1,404.9493813273399
20190408_71_saade__klas_kis_veider_kerglane_hullumeelne_ja_leldse_defineerimatu_kaidi_karilaid,4,F,3.7001666666666666,adverbid,90,1459.3937210035583
20190408_71_saade__klas_kis_veider_kerglane_hullumeelne_ja_leldse_defineerimatu_kaidi_karilaid,5,F,12.764166666666664,adverbid,291,1367.8918848338449
20190417_73_saade__risti_nia_maagilised_vlusnumid_rasketeks_hetkedeks,0,F,2.8245,adverbid,94,1996.8135953266064
20190417_73_saade__risti_nia_maagilised_vlusnumid_rasketeks_hetkedeks,1,F,12.842666666666668,adverbid,350,1635.174418604651
20190417_73_saade__risti_nia_maagilised_vlusnumid_rasketeks_hetkedeks,2,F,4.082666666666667,adverbid,123,1807.6420640104502
20190417_73_saade__risti_nia_maagilised_vlusnumid_rasketeks_hetkedeks,3,F,0.6106666666666684,adverbid,5,491.26637554585017
20190417_73_saade__risti_nia_maagilised_vlusnumid_rasketeks_hetkedeks,4,F,22.668166666666664,adverbid,661,1749.590100655104
20190823_90_saade__hundiuurija_laura_kiiroja_arutleb_kas_eestlased_vrivad_oma_rahvuslooma,0,F,9.627666666666666,adverbid,250,1558.0099020184884
20190823_90_saade__hundiuurija_laura_kiiroja_arutleb_kas_eestlased_vrivad_oma_rahvuslooma,1,F,23.29866666666667,adverbid,557,1434.416847888291
20190823_90_saade__hundiuurija_laura_kiiroja_arutleb_kas_eestlased_vrivad_oma_rahvuslooma,2,F,6.433000000000004,adverbid,162,1510.959117052696
20190823_90_saade__hundiuurija_laura_kiiroja_arutleb_kas_eestlased_vrivad_oma_rahvuslooma,3,F,3.386666666666671,adverbid,79,1399.6062992125965
20190904_bipolaarne_vandenud_1,0,M,10.242,adverbid,285,1669.595782073814
20190904_bipolaarne_vandenud_1,1,M,19.144999999999996,adverbid,476,1491.7733089579528
20190904_bipolaarne_vandenud_1,2,M,1.5081666666666669,adverbid,40,1591.3360592330641
20190904_bipolaarne_vandenud_1,3,M,23.900166666666664,adverbid,583,1463.5881200270574
20190904_bipolaarne_vandenud_1,4,M,1.1146666666666685,adverbid,35,1883.9712918660255
20190904_bipolaarne_vandenud_1,5,M,1.8810000000000024,adverbid,44,1403.5087719298228
20190904_bipolaarne_vandenud_1,6,M,0.4906666666666676,adverbid,8,978.2608695652153
20190904_bipolaarne_vandenud_1,7,M,5.0089999999999995,adverbid,104,1245.7576362547416
20190908_bipolaarne_armastus_2,0,M,21.2325,adverbid,550,1554.2211232779935
20190908_bipolaarne_armastus_2,1,M,0.9193333333333348,adverbid,22,1435.8230601885405
20190908_bipolaarne_armastus_2,2,M,20.148166666666665,adverbid,491,1462.1677737428552
20190908_bipolaarne_armastus_2,3,M,4.2330000000000005,adverbid,122,1729.2700212615166
20190908_bipolaarne_armastus_2,4,M,3.4393333333333356,adverbid,66,1151.3859275053298
20191223_arcopod_s1e1_leanika_2019,0,F,45.16716666666667,adverbid,1346,1788.024486813799
20200105_episood_47__vilkurid_ja_lennukid,0,M,0.3668333333333333,adverbid,1,163.5620172648796
20200105_episood_47__vilkurid_ja_lennukid,1,M,7.962666666666666,adverbid,140,1054.9229738780978
20200105_episood_47__vilkurid_ja_lennukid,2,M,0.4921666666666662,adverbid,13,1584.8289874703705
20200105_episood_47__vilkurid_ja_lennukid,3,M,4.665,adverbid,73,938.9067524115756
20200105_episood_47__vilkurid_ja_lennukid,4,M,1.0666666666666669,adverbid,9,506.25
20200105_episood_47__vilkurid_ja_lennukid,5,M,0.7913333333333337,adverbid,13,985.6781802864359
20200105_episood_47__vilkurid_ja_lennukid,6,M,5.688999999999998,adverbid,119,1255.0536122341366
20200105_episood_47__vilkurid_ja_lennukid,7,M,0.4138333333333321,adverbid,8,1159.887233185666
20200105_episood_47__vilkurid_ja_lennukid,8,M,17.665000000000003,adverbid,370,1256.7223322954994
20200105_episood_47__vilkurid_ja_lennukid,9,M,2.5386666666666695,adverbid,54,1276.2605042016792
20200105_episood_47__vilkurid_ja_lennukid,10,M,2.975333333333333,adverbid,67,1351.109119426395
20200105_episood_47__vilkurid_ja_lennukid,11,M,9.482666666666669,adverbid,222,1404.6681664791902
20200105_episood_47__vilkurid_ja_lennukid,12,M,5.412166666666667,adverbid,93,1031.0103778523696
20200105_episood_47__vilkurid_ja_lennukid,13,M,0.520999999999996,adverbid,9,1036.4683301343648
20200105_episood_47__vilkurid_ja_lennukid,14,M,0.5689999999999978,adverbid,18,1898.0667838312902
20200105_episood_47__vilkurid_ja_lennukid,15,M,1.1386666666666618,adverbid,26,1370.0234192037528
20200105_episood_47__vilkurid_ja_lennukid,17,M,0.3946666666666639,adverbid,9,1368.2432432432524
20200105_episood_47__vilkurid_ja_lennukid,18,M,0.8281666666666676,adverbid,17,1231.6361440933774
20200105_episood_47__vilkurid_ja_lennukid,19,M,0.2906666666666676,adverbid,6,1238.5321100917395
20200105_episood_47__vilkurid_ja_lennukid,20,M,5.591333333333334,adverbid,111,1191.12912841302
20200105_episood_47__vilkurid_ja_lennukid,21,M,7.128999999999996,adverbid,138,1161.4532192453366
20200105_episood_47__vilkurid_ja_lennukid,22,M,2.0489999999999933,adverbid,37,1083.4553440702819
20200105_episood_47__vilkurid_ja_lennukid,23,M,0.625,adverbid,7,672.0
20200105_episood_47__vilkurid_ja_lennukid,24,M,0.4953333333333375,adverbid,6,726.7833109017434
20200105_episood_47__vilkurid_ja_lennukid,25,M,2.0073333333333268,adverbid,65,1942.876120890076
20200105_episood_47__vilkurid_ja_lennukid,26,M,1.9721666666666655,adverbid,37,1125.6655117045555
20200105_episood_47__vilkurid_ja_lennukid,27,M,2.711333333333338,adverbid,72,1593.31202360462
20200105_episood_47__vilkurid_ja_lennukid,28,M,7.664999999999994,adverbid,174,1362.0352250489248
20200105_episood_47__vilkurid_ja_lennukid,29,M,2.898666666666668,adverbid,53,1097.0561177552893
20200105_episood_47__vilkurid_ja_lennukid,30,M,2.0393333333333277,adverbid,37,1088.5910428244556
20200105_episood_47__vilkurid_ja_lennukid,31,M,2.5273333333333388,adverbid,32,759.694012134
20200105_episood_47__vilkurid_ja_lennukid,32,M,3.098666666666668,adverbid,42,813.2530120481924
20200105_episood_47__vilkurid_ja_lennukid,33,M,1.641000000000001,adverbid,31,1133.4552102376597
20200105_episood_47__vilkurid_ja_lennukid,34,M,1.0073333333333268,adverbid,12,714.7584381204547
20200105_episood_47__vilkurid_ja_lennukid,36,M,2.4009999999999914,adverbid,41,1024.5730945439436
20200105_episood_47__vilkurid_ja_lennukid,37,M,2.1353333333333313,adverbid,41,1152.044957852015
20200105_saaga_jtkub_20__040_05012020,4,M,2.393,adverbid,48,1203.5102381947345
20200105_saaga_jtkub_20__040_05012020,11,M,0.2393333333333335,adverbid,2,501.3927576601666
20200105_saaga_jtkub_20__040_05012020,13,M,0.7449999999999998,adverbid,14,1127.5167785234905
20200105_saaga_jtkub_20__040_05012020,14,M,0.0569999999999993,adverbid,1,1052.631578947381
20200105_saaga_jtkub_20__040_05012020,15,M,0.8698333333333333,adverbid,16,1103.659704924315
20200105_saaga_jtkub_20__040_05012020,16,M,1.818666666666668,adverbid,27,890.7624633431079
20200105_saaga_jtkub_20__040_05012020,19,M,4.261833333333334,adverbid,40,563.1379296859724
20200105_saaga_jtkub_20__040_05012020,22,M,1.850666666666666,adverbid,16,518.7319884726227
20200105_saaga_jtkub_20__040_05012020,23,M,1.588166666666666,adverbid,28,1057.8234862000213
20200105_saaga_jtkub_20__040_05012020,25,M,2.183333333333333,adverbid,25,687.0229007633588
20200105_saaga_jtkub_20__040_05012020,27,M,0.5481666666666646,adverbid,15,1641.8364244451263
20200105_saaga_jtkub_20__040_05012020,28,M,4.0426666666666655,adverbid,21,311.6754617414249
20200105_saaga_jtkub_20__040_05012020,30,M,4.597833333333331,adverbid,30,391.4887446985901
20200105_saaga_jtkub_20__040_05012020,33,M,1.6570000000000011,adverbid,28,1013.8805069402528
20200105_saaga_jtkub_20__040_05012020,53,M,0.7673333333333328,adverbid,9,703.7358818418772
20200105_saaga_jtkub_20__040_05012020,54,M,0.8953333333333375,adverbid,6,402.0848845867442
20200105_saaga_jtkub_20__040_05012020,76,M,3.2906666666666675,adverbid,62,1130.470016207455
20200105_saaga_jtkub_20__040_05012020,95,M,2.161000000000006,adverbid,35,971.7723276260967
20200105_saaga_jtkub_20__040_05012020,96,M,0.7833333333333333,adverbid,11,842.5531914893618
20200105_saaga_jtkub_20__040_05012020,98,M,0.7513333333333321,adverbid,15,1197.8704525288397
20200105_saaga_jtkub_20__040_05012020,99,M,0.1513333333333321,adverbid,4,1585.9030837004532
20200105_saaga_jtkub_20__040_05012020,100,M,0.1801666666666657,adverbid,2,666.0499537465344
20200105_saaga_jtkub_20__040_05012020,104,M,0.2778333333333345,adverbid,2,431.9136172765427
20200105_saaga_jtkub_20__040_05012020,105,M,1.8586666666666665,adverbid,22,710.1865136298422
20200105_saaga_jtkub_20__040_05012020,118,M,1.978666666666671,adverbid,67,2031.6711590296452
20200112_kekkonenis_takeover__041_12012020,2,M,0.2489999999999999,adverbid,4,963.855421686747
20200112_kekkonenis_takeover__041_12012020,4,M,2.353,adverbid,50,1274.9681257968548
20200112_kekkonenis_takeover__041_12012020,6,M,1.5578333333333334,adverbid,22,847.3306943404301
20200112_kekkonenis_takeover__041_12012020,7,M,5.909833333333334,adverbid,48,487.3233875743816
20200112_kekkonenis_takeover__041_12012020,9,M,0.5913333333333336,adverbid,3,304.39684329199537
20200112_kekkonenis_takeover__041_12012020,13,M,0.2090000000000013,adverbid,1,287.0813397129169
20200112_kekkonenis_takeover__041_12012020,19,M,0.898666666666666,adverbid,16,1068.2492581602382
20200112_kekkonenis_takeover__041_12012020,30,M,1.6538333333333337,adverbid,47,1705.1294971278842
20200112_kekkonenis_takeover__041_12012020,51,M,2.367333333333333,adverbid,60,1520.6983948183613
20200112_kekkonenis_takeover__041_12012020,56,M,1.1113333333333306,adverbid,27,1457.708458308342
20200112_kekkonenis_takeover__041_12012020,57,M,0.1498333333333334,adverbid,1,400.4449388209117
20200112_kekkonenis_takeover__041_12012020,58,M,0.0521666666666646,adverbid,1,1150.1597444089891
20200112_kekkonenis_takeover__041_12012020,59,M,0.3209999999999998,adverbid,1,186.9158878504674
20200112_kekkonenis_takeover__041_12012020,64,M,0.2410000000000006,adverbid,2,497.92531120331824
20200112_kekkonenis_takeover__041_12012020,65,M,0.1161666666666671,adverbid,6,3098.995695839299
20200112_kekkonenis_takeover__041_12012020,67,M,0.1689999999999978,adverbid,1,355.029585798821
20200112_kekkonenis_takeover__041_12012020,68,M,0.1578333333333338,adverbid,2,760.2956705385404
20200112_kekkonenis_takeover__041_12012020,69,M,3.1498333333333375,adverbid,64,1219.1121223345133
20200112_kekkonenis_takeover__041_12012020,90,M,2.1129999999999955,adverbid,48,1362.991008045436
20200112_kekkonenis_takeover__041_12012020,101,M,1.485833333333335,adverbid,20,807.6275939427924
20200112_kekkonenis_takeover__041_12012020,105,M,0.1321666666666639,adverbid,2,907.9445145019104
20200112_kekkonenis_takeover__041_12012020,106,M,0.6841666666666697,adverbid,6,526.1875761266724
20200112_kekkonenis_takeover__041_12012020,109,M,0.3529999999999972,adverbid,4,679.8866855524133
20200112_kekkonenis_takeover__041_12012020,110,M,0.2938333333333351,adverbid,3,612.5921724333484
20200112_kekkonenis_takeover__041_12012020,111,M,3.5673333333333326,adverbid,91,1530.555036441787
20200112_kekkonenis_takeover__041_12012020,112,M,4.231333333333335,adverbid,16,226.87884039703786
20200112_kekkonenis_takeover__041_12012020,113,M,2.151333333333332,adverbid,11,306.78648899907057
20200112_kekkonenis_takeover__041_12012020,114,M,7.581833333333331,adverbid,54,427.3372755050451
20200116_112_saade__astroloog_anu_kallavus_teab_mis_on_veevalajaajastul_teisiti_kui_kaladeajastul,1,F,53.22666666666667,adverbid,1333,1502.6302605210421
20200124_114_saade__meisterpetaja_kristiina_raie_rgib_teekonnast_peale_keha_surma,1,F,31.314666666666668,adverbid,930,1781.9126288001362
20200124_114_saade__meisterpetaja_kristiina_raie_rgib_teekonnast_peale_keha_surma,2,F,28.689000000000004,adverbid,895,1871.7975530691203
20200319_kinnisvaraintervjuu_01_tnu_toompark_kinnisvarakool_o_ja_anton_nikitin_ecoadvice_o,0,M,8.516166666666667,adverbid,186,1310.4487543299997
20200319_kinnisvaraintervjuu_01_tnu_toompark_kinnisvarakool_o_ja_anton_nikitin_ecoadvice_o,1,M,2.3593333333333333,adverbid,45,1144.3910709239897
20200326_kinnisvaraintervjuu_03_tnu_toompark_kinnisvarakool_ja_jaan_liitme_domus_fnd_o,0,M,14.496999999999998,adverbid,419,1734.151893495206
20200330_1_lle_madise_intervjuus_eesti_inimeste_igusi_ei_tohi_ikka_grammigi_rohkem_piirata,0,F,11.714,adverbid,333,1705.651357350179
20200330_1_lle_madise_intervjuus_eesti_inimeste_igusi_ei_tohi_ikka_grammigi_rohkem_piirata,1,F,10.887333333333336,adverbid,283,1559.6105566101276
20200330_1_lle_madise_intervjuus_eesti_inimeste_igusi_ei_tohi_ikka_grammigi_rohkem_piirata,2,F,1.4676666666666658,adverbid,43,1757.8923461276415
20200407_1__linnulauluhommikud,0,M,5.128,adverbid,74,865.8346333853353
20200408_kinnisvaraintervjuu_04_tnu_toompark_kinnisvarakool_ja_mart_saa_laam_kinnisvara,0,M,14.914666666666667,adverbid,405,1629.268728768103
20200412_puhas_eesti_episood__050_12042020,3,M,2.609,adverbid,63,1448.8309697201994
20200412_puhas_eesti_episood__050_12042020,5,M,2.137,adverbid,25,701.9185774450164
20200412_puhas_eesti_episood__050_12042020,6,M,1.471333333333333,adverbid,23,937.9247847757139
20200412_puhas_eesti_episood__050_12042020,7,M,7.231333333333334,adverbid,84,696.9669032912326
20200412_puhas_eesti_episood__050_12042020,8,M,0.8538333333333337,adverbid,20,1405.4265079055233
20200412_puhas_eesti_episood__050_12042020,13,M,0.5609999999999995,adverbid,5,534.7593582887705
20200412_puhas_eesti_episood__050_12042020,14,M,0.826666666666667,adverbid,28,2032.2580645161281
20200412_puhas_eesti_episood__050_12042020,15,M,0.6106666666666646,adverbid,9,884.2794759825358
20200412_puhas_eesti_episood__050_12042020,16,M,0.7898333333333312,adverbid,17,1291.41169023001
20200412_puhas_eesti_episood__050_12042020,17,M,1.1081666666666667,adverbid,11,595.5782824484884
20200412_puhas_eesti_episood__050_12042020,18,M,3.615333333333331,adverbid,56,929.374884750139
20200412_puhas_eesti_episood__050_12042020,23,M,0.575333333333333,adverbid,9,938.586326767092
20200412_puhas_eesti_episood__050_12042020,24,M,0.4073333333333342,adverbid,10,1472.9950900163633
20200412_puhas_eesti_episood__050_12042020,25,M,0.1641666666666651,adverbid,3,1096.4467005076244
20200412_puhas_eesti_episood__050_12042020,26,M,0.4410000000000006,adverbid,13,1768.7074829931948
20200412_puhas_eesti_episood__050_12042020,28,M,0.0761666666666656,adverbid,6,4726.477024070088
20200412_puhas_eesti_episood__050_12042020,29,M,0.3961666666666664,adverbid,12,1817.416912074044
20200412_puhas_eesti_episood__050_12042020,30,M,0.2361666666666678,adverbid,1,254.0578687367665
20200412_puhas_eesti_episood__050_12042020,31,M,0.0650000000000015,adverbid,3,2769.230769230705
20200412_puhas_eesti_episood__050_12042020,32,M,0.5033333333333341,adverbid,6,715.2317880794692
20200412_puhas_eesti_episood__050_12042020,33,M,0.3833333333333333,adverbid,7,1095.6521739130435
20200412_puhas_eesti_episood__050_12042020,34,M,0.2698333333333342,adverbid,4,889.4379246448393
20200412_puhas_eesti_episood__050_12042020,35,M,0.3049999999999992,adverbid,3,590.163934426231
20200412_puhas_eesti_episood__050_12042020,36,M,0.575333333333333,adverbid,5,521.43684820394
20200412_puhas_eesti_episood__050_12042020,39,M,0.6730000000000018,adverbid,8,713.2243684992552
20200412_puhas_eesti_episood__050_12042020,40,M,0.050666666666666,adverbid,1,1184.2105263158037
20200412_puhas_eesti_episood__050_12042020,42,M,0.8169999999999997,adverbid,7,514.075887392901
20200412_puhas_eesti_episood__050_12042020,43,M,0.4538333333333336,adverbid,6,793.2427469702528
20200412_puhas_eesti_episood__050_12042020,45,M,0.9386666666666656,adverbid,12,767.0454545454554
20200412_puhas_eesti_episood__050_12042020,47,M,4.47466666666667,adverbid,78,1045.8879618593555
20200412_puhas_eesti_episood__050_12042020,48,M,1.479333333333337,adverbid,19,770.6173952230716
20200412_puhas_eesti_episood__050_12042020,49,M,6.218666666666665,adverbid,92,887.6500857632935
20200412_puhas_eesti_episood__050_12042020,50,M,1.770666666666663,adverbid,38,1287.6506024096411
20200412_puhas_eesti_episood__050_12042020,51,M,1.129000000000004,adverbid,17,903.45438441098
20200412_puhas_eesti_episood__050_12042020,52,M,0.0921666666666624,adverbid,2,1301.9891500904757
20200412_puhas_eesti_episood__050_12042020,54,M,2.412166666666667,adverbid,39,970.0822220686797
20200412_puhas_eesti_episood__050_12042020,55,M,2.8778333333333346,adverbid,49,1021.6018995772278
20200412_puhas_eesti_episood__050_12042020,56,M,4.0138333333333325,adverbid,62,926.794834530582
20200412_puhas_eesti_episood__050_12042020,57,M,0.9706666666666706,adverbid,19,1174.4505494505447
20200412_puhas_eesti_episood__050_12042020,58,M,0.944999999999997,adverbid,10,634.920634920637
20200412_puhas_eesti_episood__050_12042020,59,M,0.3401666666666718,adverbid,10,1763.8412542870874
20200412_puhas_eesti_episood__050_12042020,60,M,2.737000000000004,adverbid,51,1118.0124223602468
20200412_puhas_eesti_episood__050_12042020,61,M,3.7418333333333296,adverbid,58,930.0253886241157
20200413_kinnisvaraintervjuu_05_tnu_toompark_kinnisvarakool_ja_neeme_liivlaid_goodson__red,0,M,1.2586666666666668,adverbid,19,905.7203389830507
20200413_kinnisvaraintervjuu_05_tnu_toompark_kinnisvarakool_ja_neeme_liivlaid_goodson__red,1,M,3.7433333333333336,adverbid,110,1763.1344612644702
20200413_kinnisvaraintervjuu_05_tnu_toompark_kinnisvarakool_ja_neeme_liivlaid_goodson__red,2,M,3.281,adverbid,103,1883.572081682414
20200413_kinnisvaraintervjuu_05_tnu_toompark_kinnisvarakool_ja_neeme_liivlaid_goodson__red,3,M,2.255333333333333,adverbid,60,1596.2163759976354
20200413_kinnisvaraintervjuu_05_tnu_toompark_kinnisvarakool_ja_neeme_liivlaid_goodson__red,4,M,0.7961666666666664,adverbid,14,1055.0554741469546
20200413_kinnisvaraintervjuu_05_tnu_toompark_kinnisvarakool_ja_neeme_liivlaid_goodson__red,5,M,1.0586666666666664,adverbid,24,1360.201511335013
20200413_kinnisvaraintervjuu_05_tnu_toompark_kinnisvarakool_ja_neeme_liivlaid_goodson__red,6,M,1.327333333333333,adverbid,24,1084.8819688598696
20200413_kinnisvaraintervjuu_05_tnu_toompark_kinnisvarakool_ja_neeme_liivlaid_goodson__red,7,M,6.552999999999999,adverbid,169,1547.3828780711126
20200413_kinnisvaraintervjuu_05_tnu_toompark_kinnisvarakool_ja_neeme_liivlaid_goodson__red,8,M,2.2521666666666684,adverbid,41,1092.2815066972537
20200422_kinnisvaraintervjuu_07_tnu_toompark_kinnisvarakool_ja_andree_raid_raid__ko,0,M,13.490666666666668,adverbid,258,1147.4599723265467
20200422_kinnisvaraintervjuu_07_tnu_toompark_kinnisvarakool_ja_andree_raid_raid__ko,1,M,6.617000000000002,adverbid,130,1178.781925343811
20200424_kinnisvaraintervjuu_08_tnu_toompark_kinnisvarakool_ja_kaspar_kajuvee_estateguru_o,0,M,16.410666666666668,adverbid,473,1729.3630159246018
20200424_kinnisvaraintervjuu_08_tnu_toompark_kinnisvarakool_ja_kaspar_kajuvee_estateguru_o,1,M,2.588166666666668,adverbid,72,1669.1351664627464
20200426_6__ndala_soovitus_mine_roostikulinde_kuulama,0,M,5.1498333333333335,adverbid,103,1200.0388362082915
20200505_episood_10__estpluatatsioon_november__malev,0,M,5.723666666666667,adverbid,132,1383.7283792440742
20200505_episood_10__estpluatatsioon_november__malev,2,M,0.6458333333333334,adverbid,13,1207.741935483871
20200505_episood_10__estpluatatsioon_november__malev,3,M,0.0810000000000002,adverbid,1,740.7407407407387
20200505_episood_10__estpluatatsioon_november__malev,4,M,0.2073333333333333,adverbid,5,1446.9453376205788
20200505_episood_10__estpluatatsioon_november__malev,5,M,0.3818333333333328,adverbid,11,1728.502837189003
20200505_episood_10__estpluatatsioon_november__malev,6,M,9.169000000000002,adverbid,244,1596.6844803141014
20200505_episood_10__estpluatatsioon_november__malev,7,M,2.6889999999999987,adverbid,66,1472.6664187430279
20200505_episood_10__estpluatatsioon_november__malev,8,M,2.472999999999998,adverbid,67,1625.5560048524073
20200505_episood_10__estpluatatsioon_november__malev,9,M,5.1418333333333335,adverbid,132,1540.306635117176
20200505_episood_10__estpluatatsioon_november__malev,10,M,4.069833333333334,adverbid,90,1326.8356607559683
20200505_episood_10__estpluatatsioon_november__malev,11,M,0.2458333333333333,adverbid,4,976.2711864406779
20200505_episood_10__estpluatatsioon_november__malev,12,M,2.129,adverbid,51,1437.2945044621888
20200505_episood_10__estpluatatsioon_november__malev,13,M,1.0298333333333327,adverbid,24,1398.284512056968
20200505_episood_10__estpluatatsioon_november__malev,14,M,5.245833333333334,adverbid,155,1772.8355837966637
20200505_episood_10__estpluatatsioon_november__malev,15,M,7.989833333333339,adverbid,231,1734.7045203279156
20200505_episood_10__estpluatatsioon_november__malev,16,M,2.783333333333333,adverbid,73,1573.6526946107786
20200505_episood_10__estpluatatsioon_november__malev,17,M,7.306666666666668,adverbid,184,1510.9489051094888
20200505_episood_10__estpluatatsioon_november__malev,18,M,10.637833333333331,adverbid,276,1556.7079762482963
20200505_episood_10__estpluatatsioon_november__malev,19,M,1.8538333333333337,adverbid,27,873.8649644879977
20200505_episood_10__estpluatatsioon_november__malev,20,M,7.633000000000008,adverbid,184,1446.351369055416
20200505_episood_10__estpluatatsioon_november__malev,21,M,1.1978333333333315,adverbid,35,1753.1654375956614
20200505_episood_10__estpluatatsioon_november__malev,22,M,0.5193333333333309,adverbid,12,1386.3928112965405
20200505_episood_10__estpluatatsioon_november__malev,23,M,6.308166666666663,adverbid,148,1407.6990145050074
20200505_episood_10__estpluatatsioon_november__malev,24,M,3.3210000000000037,adverbid,53,957.5429087624199
20200511_7_vilja_kiisler_ksib_urve_palo_vastab_mis_te_seal_viimsis_juba_jlle_laamendate,0,F,24.440333333333335,adverbid,654,1605.5427503716533
20200524_see_on_ikkagi_hiphopi_saade_056_24052020,3,M,0.217,adverbid,2,552.995391705069
20200524_see_on_ikkagi_hiphopi_saade_056_24052020,4,M,4.452166666666667,adverbid,51,687.3058061617938
20200524_see_on_ikkagi_hiphopi_saade_056_24052020,6,M,7.1306666666666665,adverbid,83,698.3919222139118
20200524_see_on_ikkagi_hiphopi_saade_056_24052020,9,M,0.0650000000000015,adverbid,1,923.0769230769016
20200524_see_on_ikkagi_hiphopi_saade_056_24052020,10,M,5.007333333333334,adverbid,69,826.7873785115163
20200524_see_on_ikkagi_hiphopi_saade_056_24052020,11,M,6.058666666666666,adverbid,84,831.8661971830986
20200524_see_on_ikkagi_hiphopi_saade_056_24052020,13,M,8.673000000000002,adverbid,107,740.2282947077135
20200524_see_on_ikkagi_hiphopi_saade_056_24052020,16,M,2.0073333333333343,adverbid,19,567.917635337097
20200524_see_on_ikkagi_hiphopi_saade_056_24052020,27,M,3.098666666666668,adverbid,43,832.6161790017209
20200524_see_on_ikkagi_hiphopi_saade_056_24052020,29,M,1.2521666666666684,adverbid,25,1197.9235990949005
20200524_see_on_ikkagi_hiphopi_saade_056_24052020,34,M,13.362666666666662,adverbid,152,682.4985032927563
20200608_liisa_pakosta__naistele_ks_palk_ja_meestele_teine,0,F,24.0745,adverbid,543,1353.2991339383996
20200730_heitlus_20ndates_podcast__osa_1_uus_algus,0,M,0.5593333333333333,adverbid,2,214.5411203814064
20200730_heitlus_20ndates_podcast__osa_1_uus_algus,1,M,1.8601666666666663,adverbid,40,1290.20697070155
20200730_heitlus_20ndates_podcast__osa_1_uus_algus,2,M,7.367333333333335,adverbid,179,1457.7866256447378
20200730_heitlus_20ndates_podcast__osa_1_uus_algus,3,M,4.040999999999999,adverbid,114,1692.6503340757242
20200730_heitlus_20ndates_podcast__osa_1_uus_algus,4,M,0.6410000000000006,adverbid,14,1310.4524180967228
20200730_heitlus_20ndates_podcast__osa_1_uus_algus,5,M,0.7146666666666666,adverbid,17,1427.2388059701495
20200730_heitlus_20ndates_podcast__osa_1_uus_algus,6,M,0.8121666666666669,adverbid,19,1403.6527806279496
20200807_heitlus_20ndates_podcast__osa_2_gmnaasiumiaja_raskused,1,M,5.0169999999999995,adverbid,110,1315.5272074945187
20200807_heitlus_20ndates_podcast__osa_2_gmnaasiumiaja_raskused,2,M,1.0938333333333332,adverbid,18,987.3533445070852
20200807_heitlus_20ndates_podcast__osa_2_gmnaasiumiaja_raskused,3,M,3.306666666666667,adverbid,86,1560.4838709677417
20200807_heitlus_20ndates_podcast__osa_2_gmnaasiumiaja_raskused,4,M,2.881,adverbid,72,1499.4793474488026
20200807_heitlus_20ndates_podcast__osa_2_gmnaasiumiaja_raskused,5,M,1.4393333333333336,adverbid,27,1125.5210745715608
20200807_heitlus_20ndates_podcast__osa_2_gmnaasiumiaja_raskused,6,M,3.2041666666666684,adverbid,81,1516.775032509752
20200826_riina_solman_ja_liina_kersna_roosast_kleidist_ja_riigi_vrikusest,0,F,32.030833333333334,adverbid,679,1271.8994718630486
20200826_riina_solman_ja_liina_kersna_roosast_kleidist_ja_riigi_vrikusest,1,F,5.349499999999996,adverbid,84,942.1441256192173
20200827_mailis_repsi_tabab_avameelsushoog,0,F,24.511333333333333,adverbid,686,1679.2232164712923
20200920_tt_terav_teema_068_20092020,2,M,1.489,adverbid,37,1490.933512424446
20200920_tt_terav_teema_068_20092020,3,M,1.2746666666666668,adverbid,22,1035.564853556485
20200920_tt_terav_teema_068_20092020,4,M,4.802666666666666,adverbid,31,387.28484175458084
20200920_tt_terav_teema_068_20092020,7,M,7.873,adverbid,33,251.49244252508572
20200920_tt_terav_teema_068_20092020,8,M,2.169000000000002,adverbid,38,1051.1756569847848
20200920_tt_terav_teema_068_20092020,9,M,4.212166666666667,adverbid,23,327.62236378744115
20200920_tt_terav_teema_068_20092020,25,M,1.0681666666666692,adverbid,21,1179.5911998751728
20200920_tt_terav_teema_068_20092020,26,M,4.631333333333331,adverbid,67,868.0005757881104
20200920_tt_terav_teema_068_20092020,28,M,4.697000000000003,adverbid,60,766.4466680860119
20200920_tt_terav_teema_068_20092020,29,M,4.140166666666664,adverbid,57,826.0537015418065
20200920_tt_terav_teema_068_20092020,32,M,8.332166666666664,adverbid,50,360.0504070569881
20200920_tt_terav_teema_068_20092020,38,M,6.420166666666668,adverbid,41,383.167622855066
20201108_juubel_75_075_08112020,3,M,16.409,adverbid,210,767.8712901456519
20201108_juubel_75_075_08112020,4,M,5.370666666666667,adverbid,59,659.1360476663358
20201108_juubel_75_075_08112020,5,M,5.749833333333333,adverbid,62,646.975274645642
20201108_juubel_75_075_08112020,10,M,2.2346666666666652,adverbid,40,1073.9856801909314
20201108_juubel_75_075_08112020,11,M,19.655333333333335,adverbid,140,427.364922158532
20201108_juubel_75_075_08112020,12,M,2.1673333333333327,adverbid,42,1162.719163334359
20201108_juubel_75_075_08112020,26,M,2.933833333333337,adverbid,93,1901.9485315003103
20201108_juubel_75_075_08112020,27,M,0.8041666666666667,adverbid,13,969.9481865284973
20201130_podcast_noorteaken_1__sissejuhatus,0,F,27.51133333333333,adverbid,718,1565.9001138924566
20201130_podcast_noorteaken_1__sissejuhatus,1,F,9.525833333333331,adverbid,220,1385.7055375732657
20201203_webinar_kinnisvaramaakleri_karjri_alustamine,0,F,3.020166666666667,adverbid,63,1251.5865570332762
20201203_webinar_kinnisvaramaakleri_karjri_alustamine,1,F,0.489,adverbid,8,981.5950920245397
20201203_webinar_kinnisvaramaakleri_karjri_alustamine,2,F,0.6729999999999995,adverbid,14,1248.1426448737009
20201203_webinar_kinnisvaramaakleri_karjri_alustamine,3,F,0.7210000000000003,adverbid,21,1747.5728155339798
20201203_webinar_kinnisvaramaakleri_karjri_alustamine,4,F,3.9626666666666663,adverbid,95,1438.4253028263797
20201203_webinar_kinnisvaramaakleri_karjri_alustamine,5,F,0.5946666666666658,adverbid,6,605.3811659192834
20201203_webinar_kinnisvaramaakleri_karjri_alustamine,6,F,0.5193333333333328,adverbid,1,115.5327342747113
20201203_webinar_kinnisvaramaakleri_karjri_alustamine,7,F,2.413833333333334,adverbid,51,1267.6931574949936
20201203_webinar_kinnisvaramaakleri_karjri_alustamine,8,F,2.4106666666666663,adverbid,68,1692.477876106195
20201203_webinar_kinnisvaramaakleri_karjri_alustamine,9,F,0.3978333333333334,adverbid,8,1206.535400083787
20201203_webinar_kinnisvaramaakleri_karjri_alustamine,10,F,2.0106666666666646,adverbid,61,1820.2917771883308
20201203_webinar_kinnisvaramaakleri_karjri_alustamine,11,F,4.733833333333333,adverbid,128,1622.3638348061827
20201203_webinar_kinnisvaramaakleri_karjri_alustamine,12,F,0.9626666666666666,adverbid,19,1184.2105263157896
20201203_webinar_kinnisvaramaakleri_karjri_alustamine,13,F,0.5626666666666665,adverbid,9,959.7156398104268
20201203_webinar_kinnisvaramaakleri_karjri_alustamine,14,F,0.2970000000000027,adverbid,7,1414.1414141414011
20201203_webinar_kinnisvaramaakleri_karjri_alustamine,15,F,0.4186666666666648,adverbid,6,859.8726114649719
20201203_webinar_kinnisvaramaakleri_karjri_alustamine,16,F,4.471333333333333,adverbid,114,1529.745042492918
20201203_webinar_kinnisvaramaakleri_karjri_alustamine,17,F,1.3913333333333335,adverbid,32,1379.9712505989457
20201203_webinar_kinnisvaramaakleri_karjri_alustamine,18,F,0.8041666666666667,adverbid,7,522.2797927461139
20201203_webinar_kinnisvaramaakleri_karjri_alustamine,19,F,1.000999999999999,adverbid,12,719.2807192807201
20201203_webinar_kinnisvaramaakleri_karjri_alustamine,20,F,0.2698333333333342,adverbid,5,1111.7974058060493
20201203_webinar_kinnisvaramaakleri_karjri_alustamine,21,F,0.5930000000000025,adverbid,19,1922.4283305227573
20201203_webinar_kinnisvaramaakleri_karjri_alustamine,22,F,2.4281666666666677,adverbid,31,766.0100212780559
20201213_podcast_noorteaken_2__kaasamine,1,F,1.1833333333333331,adverbid,16,811.2676056338028
20201213_podcast_noorteaken_2__kaasamine,2,F,8.821833333333334,adverbid,237,1611.909844892407
20201213_podcast_noorteaken_2__kaasamine,3,F,26.543333333333337,adverbid,754,1704.382770312696
20201213_podcast_noorteaken_2__kaasamine,4,F,9.696999999999996,adverbid,258,1596.3700113437153
20201213_podcast_noorteaken_2__kaasamine,5,F,10.43616666666666,adverbid,310,1782.2636025360537
20201231_59_normaalse_elu_osa,0,M,0.2153333333333333,adverbid,5,1393.1888544891644
20201231_59_normaalse_elu_osa,1,M,1.3513333333333333,adverbid,34,1509.620128268377
20201231_59_normaalse_elu_osa,2,M,0.2281666666666666,adverbid,2,525.9313367421477
20201231_59_normaalse_elu_osa,3,M,7.0729999999999995,adverbid,235,1993.496394740563
20201231_59_normaalse_elu_osa,4,M,1.037833333333333,adverbid,22,1271.8805203147588
20201231_59_normaalse_elu_osa,5,M,37.325833333333335,adverbid,972,1562.4567435422293
20201231_59_normaalse_elu_osa,6,M,13.087999999999996,adverbid,349,1599.938875305624
20210104_podcast_noorteaken_3__aktiivsus_vabatahtlik_t,2,F,28.132166666666667,adverbid,819,1746.7549009733816
20210104_podcast_noorteaken_3__aktiivsus_vabatahtlik_t,3,F,8.903333333333334,adverbid,263,1772.369898914264
20210106_irja_lutsar_mina_ei_ole_selle_valitsuse_ema,0,F,24.734166666666667,adverbid,610,1479.73451029278
20210112_abielurefendum_vib_lpetada_riigikohtus_viitab_lle_madise,0,F,18.557333333333336,adverbid,424,1370.8866216410402
20210112_abielurefendum_vib_lpetada_riigikohtus_viitab_lle_madise,1,F,4.169000000000001,adverbid,109,1568.721515951067
20210112_abielurefendum_vib_lpetada_riigikohtus_viitab_lle_madise,2,F,1.3129999999999995,adverbid,32,1462.3000761614628
20210124_kiire_saade_086_24012021,2,M,4.213833333333333,adverbid,80,1139.1053276905432
20210124_kiire_saade_086_24012021,7,M,8.882666666666667,adverbid,110,743.0201140798558
20210124_kiire_saade_086_24012021,9,M,2.5001666666666646,adverbid,29,695.9536030931278
20210124_kiire_saade_086_24012021,10,M,2.572166666666669,adverbid,56,1306.291712563985
20210124_kiire_saade_086_24012021,11,M,6.745000000000001,adverbid,172,1530.0222386953299
20210124_kiire_saade_086_24012021,21,M,2.4521666666666686,adverbid,33,807.4491945898179
20210124_kiire_saade_086_24012021,24,M,3.221833333333332,adverbid,72,1340.8514820754233
20210124_kiire_saade_086_24012021,25,M,2.637833333333333,adverbid,32,727.8700954065838
20210124_kiire_saade_086_24012021,26,M,2.6426666666666656,adverbid,32,726.5388496468216
20210124_kiire_saade_086_24012021,36,M,4.922666666666669,adverbid,109,1328.5482123510285
20210124_kiire_saade_086_24012021,43,M,3.9481666666666646,adverbid,94,1428.5111233061766
20210124_kiire_saade_086_24012021,44,M,9.336999999999996,adverbid,64,411.26700224911656
20210124_kiire_saade_086_24012021,45,M,0.8986666666666603,adverbid,10,667.6557863501532
20210124_kiire_saade_086_24012021,46,M,0.5161666666666633,adverbid,9,1046.1737164998453
20210124_kiire_saade_086_24012021,48,M,0.9450000000000122,adverbid,1,63.49206349206268
20210131_klas_mc_olldaraba_bastadz_daraba_mob08731012021,2,M,1.017,adverbid,17,1002.9498525073748
20210131_klas_mc_olldaraba_bastadz_daraba_mob08731012021,3,M,20.593,adverbid,514,1497.5962705773807
20210131_klas_mc_olldaraba_bastadz_daraba_mob08731012021,4,M,0.2841666666666659,adverbid,5,1055.7184750733165
20210131_klas_mc_olldaraba_bastadz_daraba_mob08731012021,5,M,20.441,adverbid,483,1417.738858177193
20210131_klas_mc_olldaraba_bastadz_daraba_mob08731012021,6,M,7.898666666666668,adverbid,126,957.1235651586765
20210131_klas_mc_olldaraba_bastadz_daraba_mob08731012021,7,M,0.8810000000000021,adverbid,38,2587.96821793416
20210131_klas_mc_olldaraba_bastadz_daraba_mob08731012021,8,M,0.55783333333333,adverbid,10,1075.5900806692625
20210131_klas_mc_olldaraba_bastadz_daraba_mob08731012021,9,M,2.737000000000004,adverbid,79,1731.8231640482254
20210131_klas_mc_olldaraba_bastadz_daraba_mob08731012021,10,M,0.905000000000003,adverbid,22,1458.5635359115972
20210131_klas_mc_olldaraba_bastadz_daraba_mob08731012021,11,M,3.49216666666667,adverbid,70,1202.691738653175
20210131_klas_mc_olldaraba_bastadz_daraba_mob08731012021,12,M,1.35783333333333,adverbid,32,1414.017429728738
20210201_keit_pentusrosimannus_autorollo_skandaalist,0,F,24.89816666666667,adverbid,609,1467.5779341183086
20210208_jutud_rohelises_stuudios_osa_1_hardo_adamson,1,M,2.393,adverbid,40,1002.9251984956122
20210208_jutud_rohelises_stuudios_osa_1_hardo_adamson,3,M,6.848999999999999,adverbid,231,2023.6530880420503
20210208_jutud_rohelises_stuudios_osa_1_hardo_adamson,4,M,5.677833333333333,adverbid,206,2176.8867232218863
20210208_jutud_rohelises_stuudios_osa_1_hardo_adamson,5,M,7.338666666666668,adverbid,261,2133.9026162790697
20210208_jutud_rohelises_stuudios_osa_1_hardo_adamson,6,M,3.2169999999999996,adverbid,128,2387.317376437675
20210208_jutud_rohelises_stuudios_osa_1_hardo_adamson,8,M,4.639333333333331,adverbid,162,2095.1286104325345
20210208_jutud_rohelises_stuudios_osa_1_hardo_adamson,9,M,6.332166666666671,adverbid,211,1999.3156634116797
20210208_jutud_rohelises_stuudios_osa_1_hardo_adamson,10,M,12.87616666666667,adverbid,504,2348.525052746029
20210208_jutud_rohelises_stuudios_osa_1_hardo_adamson,11,M,0.5273333333333312,adverbid,17,1934.2604298356587
20210208_jutud_rohelises_stuudios_osa_1_hardo_adamson,12,M,4.0009999999999994,adverbid,124,1859.535116220945
20210208_signe_riisalo_pikas_vaates_tuleb_kas_maksutus_vi_rnne,0,F,24.6205,adverbid,566,1379.3383562478423
20210220_podcast_noorteaken_4__vaimne_tervis,2,F,48.436166666666665,adverbid,1269,1571.965851963237
20210220_podcast_noorteaken_4__vaimne_tervis,3,F,0.2490000000000009,adverbid,1,240.96385542168585
20210220_podcast_noorteaken_4__vaimne_tervis,4,F,37.53383333333333,adverbid,1061,1696.0697681647227
20210305_podcast_noorteaken_5__anne_noortekeskus,1,F,26.269833333333334,adverbid,720,1644.4717959129293
20210313_episood_1_eesti_laul_aftekas__covidioodid,0,M,54.761,adverbid,1912,2094.921568269389
20210318_webinar_ettevtja_kinnisvararis,0,F,8.362666666666666,adverbid,187,1341.6772959183675
20210318_webinar_ettevtja_kinnisvararis,1,F,6.0778333333333325,adverbid,170,1678.229632270272
20210318_webinar_ettevtja_kinnisvararis,2,F,19.540166666666664,adverbid,481,1476.957719569093
20210318_webinar_kinnisvaramaakleri_karjri_alustamine,0,F,25.348166666666668,adverbid,600,1420.221054777137
20210318_webinar_kinnisvaramaakleri_karjri_alustamine,1,F,8.684166666666666,adverbid,177,1222.9152672488246
20210321_episood_2__prgitelevisioon,0,M,41.82983333333333,adverbid,1390,1993.7923093167158
20210321_episood_2__prgitelevisioon,1,M,21.388166666666667,adverbid,675,1893.5704322483616
20210322_podcast_noorteaken_6__motivatsioon_eneseareng_ja_ajaplaneerimine,1,F,29.687333333333335,adverbid,1015,2051.3799375715794
20210404_episood_3_emoosekandid_ja_co2paraad,0,M,52.372166666666665,adverbid,1716,1965.9297400336693
20210404_episood_3_emoosekandid_ja_co2paraad,1,M,1.8281666666666676,adverbid,40,1312.7905916674256
20210405_podcast_noorteaken_7__nipid_isolatsioonis_toimetulekuks_ja_tuleviku_plaanide_tegemiseks,2,F,4.281000000000001,adverbid,116,1625.788367203924
20210405_podcast_noorteaken_7__nipid_isolatsioonis_toimetulekuks_ja_tuleviku_plaanide_tegemiseks,3,F,28.698666666666668,adverbid,875,1829.3532800594685
20210413_episood_4_kas_vanasti_oli_muusika_parem,0,M,10.724166666666669,adverbid,328,1835.1076229699277
20210413_episood_4_kas_vanasti_oli_muusika_parem,1,M,3.460166666666667,adverbid,105,1820.7215452049516
20210413_episood_4_kas_vanasti_oli_muusika_parem,2,M,24.133833333333335,adverbid,796,1978.9645242156582
20210413_episood_4_kas_vanasti_oli_muusika_parem,3,M,17.469833333333334,adverbid,576,1978.2672988675715
20210413_episood_4_kas_vanasti_oli_muusika_parem,4,M,12.370666666666663,adverbid,384,1862.470359991378
20210413_episood_4_kas_vanasti_oli_muusika_parem,5,M,46.16899999999999,adverbid,1407,1828.4996426173411
20210416_aprill_epikojas__ro_puuetega_inimeste_komitee_arvamus_eesti_olukorrast,2,M,11.751333333333331,adverbid,202,1031.3723265445055
20210416_jutud_rohelises_stuudios_osa_4_madis_mumm,1,M,27.033,adverbid,737,1635.7784929530574
20210416_jutud_rohelises_stuudios_osa_4_madis_mumm,2,M,8.717833333333333,adverbid,203,1397.1361385665398
20210416_jutud_rohelises_stuudios_osa_4_madis_mumm,3,M,0.55783333333333,adverbid,12,1290.708096803115
20210416_jutud_rohelises_stuudios_osa_4_madis_mumm,4,M,10.882666666666667,adverbid,323,1780.8135260965448
20210416_jutud_rohelises_stuudios_osa_4_madis_mumm,5,M,17.14183333333333,adverbid,462,1617.0965766011027
20210416_webinar_hetkeseis_kinnisvaraturul,0,F,3.3459999999999996,adverbid,68,1219.3664076509267
20210416_webinar_hetkeseis_kinnisvaraturul,1,F,2.117833333333333,adverbid,56,1586.5271110411586
20210416_webinar_hetkeseis_kinnisvaraturul,2,F,12.289000000000003,adverbid,359,1752.7870453250869
20210416_webinar_hetkeseis_kinnisvaraturul,3,F,3.132166666666668,adverbid,83,1589.9537061671892
20210416_webinar_hetkeseis_kinnisvaraturul,4,F,17.264666666666667,adverbid,490,1702.8999498011353
20210419_171_saade_elujutoetaja_kairi_kuha,2,F,20.404166666666665,adverbid,579,1702.5934245456403
20210419_171_saade_elujutoetaja_kairi_kuha,3,F,5.945000000000001,adverbid,180,1816.6526492851133
20210419_171_saade_elujutoetaja_kairi_kuha,4,F,6.745000000000001,adverbid,193,1716.8272794662712
20210419_171_saade_elujutoetaja_kairi_kuha,5,F,23.804166666666664,adverbid,721,1817.3288990022759
20210419_podcast_noorteaken_8__internetiturvalisus_kberkiusamine_ja_seksuaalne_vrkohtlemine,2,F,9.154666666666667,adverbid,276,1808.9134867462858
20210419_podcast_noorteaken_8__internetiturvalisus_kberkiusamine_ja_seksuaalne_vrkohtlemine,3,F,1.1241666666666654,adverbid,32,1707.9318013343236
20210419_podcast_noorteaken_8__internetiturvalisus_kberkiusamine_ja_seksuaalne_vrkohtlemine,4,F,21.924166666666668,adverbid,655,1792.5424759587972
20210422_episood_5_elu_surm_ja_kanade_lestus,0,M,83.633,adverbid,2342,1680.1980079633638
20210502_sott_kihisev__korrrralik_jubileika_100_02052021,0,M,0.1316666666666666,adverbid,3,1367.0886075949365
20210502_sott_kihisev__korrrralik_jubileika_100_02052021,3,M,14.037833333333332,adverbid,288,1230.9591936077504
20210502_sott_kihisev__korrrralik_jubileika_100_02052021,8,M,4.676166666666665,adverbid,72,923.8336244074565
20210502_sott_kihisev__korrrralik_jubileika_100_02052021,15,M,2.897000000000003,adverbid,55,1139.1094235415935
20210502_sott_kihisev__korrrralik_jubileika_100_02052021,24,M,8.07616666666667,adverbid,104,772.6437872753161
20210502_sott_kihisev__korrrralik_jubileika_100_02052021,25,M,5.610666666666672,adverbid,78,834.1254752851703
20210502_sott_kihisev__korrrralik_jubileika_100_02052021,28,M,2.6970000000000027,adverbid,48,1067.853170189098
20210502_sott_kihisev__korrrralik_jubileika_100_02052021,37,M,1.625,adverbid,19,701.5384615384615
20210502_sott_kihisev__korrrralik_jubileika_100_02052021,46,M,5.829833333333332,adverbid,128,1317.3618456788363
20210502_sott_kihisev__korrrralik_jubileika_100_02052021,47,M,1.529000000000004,adverbid,2,78.48266841072575
20210502_sott_kihisev__korrrralik_jubileika_100_02052021,48,M,3.2969999999999953,adverbid,32,582.3475887170163
20210502_sott_kihisev__korrrralik_jubileika_100_02052021,49,M,9.256999999999984,adverbid,105,680.5660581181819
20210502_sott_kihisev__korrrralik_jubileika_100_02052021,51,M,2.293833333333335,adverbid,35,915.4980745476996
20210502_sott_kihisev__korrrralik_jubileika_100_02052021,53,M,12.34333333333334,adverbid,202,981.9065622468263
20210502_sott_kihisev__korrrralik_jubileika_100_02052021,58,M,3.660166666666676,adverbid,68,1114.7033377350726
20210502_sott_kihisev__korrrralik_jubileika_100_02052021,59,M,6.792999999999998,adverbid,9,79.49359634918301
20210502_sott_kihisev__korrrralik_jubileika_100_02052021,60,M,2.8153333333333346,adverbid,49,1044.2813165995735
20210502_sott_kihisev__korrrralik_jubileika_100_02052021,62,M,1.341833333333322,adverbid,12,536.5793069183998
20210502_sott_kihisev__korrrralik_jubileika_100_02052021,63,M,1.1353333333333315,adverbid,23,1215.5020551967136
20210502_sott_kihisev__korrrralik_jubileika_100_02052021,64,M,2.496999999999995,adverbid,4,96.1153384060875
20210502_sott_kihisev__korrrralik_jubileika_100_02052021,65,M,3.0058333333333396,adverbid,62,1237.593568062099
20210519_podcast_noorteaken_10__treening_toitumine_ning_tervis,1,F,4.666666666666667,adverbid,128,1645.7142857142856
20210519_podcast_noorteaken_10__treening_toitumine_ning_tervis,2,F,1.3258333333333323,adverbid,41,1855.4368321810193
20210519_podcast_noorteaken_10__treening_toitumine_ning_tervis,3,F,1.3066666666666673,adverbid,34,1561.2244897959176
20210519_podcast_noorteaken_10__treening_toitumine_ning_tervis,4,F,3.9178333333333337,adverbid,96,1470.2003658484707
20210519_podcast_noorteaken_10__treening_toitumine_ning_tervis,5,F,21.693833333333338,adverbid,721,1994.1150711031553
20210519_podcast_noorteaken_10__treening_toitumine_ning_tervis,6,F,7.120999999999996,adverbid,223,1878.949585732342
20210531_kuna_it_on_levinud_igasse_eluvaldkonda_siis_on_itekspertidele_rakendust_kikjal,0,M,28.527333333333335,adverbid,726,1526.9566030240003
20210603_mida_peaksid_teadma_enne_kinnisvaraostu,0,F,33.215333333333334,adverbid,882,1593.2400698472593
20210603_mida_peaksid_teadma_enne_kinnisvaraostu,1,F,3.588166666666666,adverbid,86,1438.0602907705886
20210603_mida_peaksid_teadma_enne_kinnisvaraostu,2,F,2.291166666666671,adverbid,27,707.0633592783868
20210614_14_mentorlusssteemi_loomine_organisatsioonis__stuudios_katri_jrine_ericsson_eesti_ja_tiiu_allikvee_fontes,0,F,1.9641666666666668,adverbid,34,1038.6084005091216
20210614_14_mentorlusssteemi_loomine_organisatsioonis__stuudios_katri_jrine_ericsson_eesti_ja_tiiu_allikvee_fontes,1,F,27.909833333333335,adverbid,649,1395.2071850423088
20210614_14_mentorlusssteemi_loomine_organisatsioonis__stuudios_katri_jrine_ericsson_eesti_ja_tiiu_allikvee_fontes,2,F,0.8041666666666667,adverbid,22,1641.4507772020725
20210614_erisaade_kommunismiohvrite_memoriaali_audiokirjeldus,0,M,14.166833333333331,adverbid,223,944.45947694733
20210614_erisaade_kommunismiohvrite_memoriaali_audiokirjeldus,1,M,1.836166666666666,adverbid,44,1437.777979486249
20210614_podcast_noorteaken_11__noorteakna_esimene_hooaeg_on_lbi,2,F,1.0921666666666667,adverbid,15,824.0500534106515
20210614_podcast_noorteaken_11__noorteakna_esimene_hooaeg_on_lbi,3,F,13.800833333333332,adverbid,368,1599.9033874766017
20210620_15_tandja_brnding__stuudios_ivi_aluoja_adven_ja_kristiina_kuuskme_fontes,0,F,3.260166666666667,adverbid,70,1288.2776954143446
20210620_15_tandja_brnding__stuudios_ivi_aluoja_adven_ja_kristiina_kuuskme_fontes,1,F,44.687333333333335,adverbid,1076,1444.7046888752964
20210701_kuidas_mratakse_iget_mgihinda_kinnisvarale,0,F,25.375,adverbid,679,1605.5172413793105
20210727_arco_akadeemia_podcast_viljandi_maakonna_kinnisvaraturu_i_poolaasta_levaade,0,F,2.201,adverbid,38,1035.892776010904
20210727_arco_akadeemia_podcast_viljandi_maakonna_kinnisvaraturu_i_poolaasta_levaade,1,F,26.025333333333332,adverbid,750,1729.084481786977
20210729_arco_akadeemia_podcast_kuidas_tsta_oma_kinnisvara_vrtust_lbi_kinnisvaralavastuse,0,F,31.861333333333334,adverbid,880,1657.1811181787746
20210819_augustikuu_epikojas__tagasi_likooli,1,M,14.396166666666666,adverbid,347,1446.2183220070158
20210824_kaja_kallas_mina_ekrega_valitsust_ei_moodusta,0,F,17.574833333333334,adverbid,398,1358.7611072651234
20210824_kaja_kallas_mina_ekrega_valitsust_ei_moodusta,1,F,14.570666666666666,adverbid,367,1511.2554904831625
20210824_kaja_kallas_mina_ekrega_valitsust_ei_moodusta,2,F,3.1930000000000027,adverbid,70,1315.3773880363283
20210827_arco_akadeemia_podcast__prnumaa_kinnisvaraturu_levaade,0,F,10.626666666666669,adverbid,299,1688.2057716436636
20210827_arco_akadeemia_podcast__prnumaa_kinnisvaraturu_levaade,1,F,10.880999999999998,adverbid,306,1687.344913151365
20210827_arco_akadeemia_podcast__prnumaa_kinnisvaraturu_levaade,2,F,3.208999999999999,adverbid,91,1701.4646307260832
20210827_arco_akadeemia_podcast__prnumaa_kinnisvaraturu_levaade,3,F,3.779333333333333,adverbid,108,1714.588110777915
20210908_liina_kersna_veerand_vanemaid_on_vaktsineerimise_vastu,0,F,25.0925,adverbid,569,1360.5659061472554
20210911_arco_akadeemia_podcast__lhv_panga_vaade_kinnisvaraturule,0,F,24.052833333333336,adverbid,585,1459.2875406223798
20210912_jlle_see_lart_119_12092021,1,M,0.6569999999999999,adverbid,15,1369.8630136986303
20210912_jlle_see_lart_119_12092021,2,M,5.1850000000000005,adverbid,162,1874.6383799421405
20210912_jlle_see_lart_119_12092021,4,M,12.994666666666664,adverbid,216,997.3322388672276
20210912_jlle_see_lart_119_12092021,6,M,8.991333333333333,adverbid,200,1334.61852153926
20210912_jlle_see_lart_119_12092021,8,M,10.497000000000003,adverbid,235,1343.2409259788508
20210912_jlle_see_lart_119_12092021,12,M,1.800999999999999,adverbid,33,1099.3892282065526
20210912_jlle_see_lart_119_12092021,16,M,5.657000000000001,adverbid,120,1272.7594131164924
20210912_jlle_see_lart_119_12092021,17,M,0.8778333333333346,adverbid,17,1161.9517752040992
20210912_jlle_see_lart_119_12092021,21,M,10.868166666666667,adverbid,250,1380.1775828489929
20210912_jlle_see_lart_119_12092021,22,M,1.712999999999996,adverbid,13,455.3415061295983
20210912_jlle_see_lart_119_12092021,23,M,0.9273333333333312,adverbid,1,64.70165348670037
20210912_jlle_see_lart_119_12092021,24,M,1.4233333333333424,adverbid,3,126.46370023419121
20210927_61_cancel_cancel_cancel,0,M,1.0836666666666666,adverbid,16,885.8812673023685
20210927_61_cancel_cancel_cancel,3,M,3.401,adverbid,90,1587.7683034401648
20210927_61_cancel_cancel_cancel,4,M,2.7818333333333336,adverbid,75,1617.6382481576895
20210927_61_cancel_cancel_cancel,5,M,19.703333333333333,adverbid,547,1665.7080020301134
20210927_61_cancel_cancel_cancel,6,M,0.7338333333333329,adverbid,10,817.6243470361123
20210927_61_cancel_cancel_cancel,7,M,0.6186666666666648,adverbid,22,2133.620689655179
20210927_61_cancel_cancel_cancel,8,M,1.1753333333333331,adverbid,26,1327.2830402722634
20210927_61_cancel_cancel_cancel,9,M,10.928999999999997,adverbid,327,1795.223716716992
20210927_61_cancel_cancel_cancel,10,M,3.305000000000003,adverbid,116,2105.9001512859286
20210927_61_cancel_cancel_cancel,11,M,0.3833333333333333,adverbid,6,939.1304347826086
20210927_61_cancel_cancel_cancel,12,M,1.532166666666664,adverbid,27,1057.326226476669
20210927_61_cancel_cancel_cancel,14,M,5.391333333333334,adverbid,118,1313.2187461357732
20210927_61_cancel_cancel_cancel,15,M,2.3241666666666636,adverbid,46,1187.5224094657601
20210927_61_cancel_cancel_cancel,16,M,0.1306666666666691,adverbid,3,1377.5510204081374
20210927_61_cancel_cancel_cancel,17,M,0.1578333333333375,adverbid,2,760.2956705385224
20210927_61_cancel_cancel_cancel,19,M,1.3818333333333386,adverbid,32,1389.458448920511
20210927_61_cancel_cancel_cancel,20,M,0.3898333333333312,adverbid,11,1693.0312099187781
20210928_bipolaarne_muusika_8,0,M,20.077333333333335,adverbid,522,1559.9681232567405
20210928_bipolaarne_muusika_8,1,M,40.22183333333333,adverbid,1058,1578.2473034960285
20210928_bipolaarne_muusika_8,2,M,0.2041666666666666,adverbid,8,2351.0204081632655
20210928_bipolaarne_muusika_8,3,M,1.908499999999996,adverbid,32,1006.0256746135731
20211018_234_spirituaalne_petaja_andrues_vana_vline_edu_on_sinu_sisemise_kpsuse_peegeldus,1,M,2.1978333333333335,adverbid,64,1747.1752483506484
20211018_234_spirituaalne_petaja_andrues_vana_vline_edu_on_sinu_sisemise_kpsuse_peegeldus,2,M,5.047333333333333,adverbid,93,1105.53427552503
20211018_234_spirituaalne_petaja_andrues_vana_vline_edu_on_sinu_sisemise_kpsuse_peegeldus,3,M,7.541833333333333,adverbid,159,1264.9444211177654
20211018_234_spirituaalne_petaja_andrues_vana_vline_edu_on_sinu_sisemise_kpsuse_peegeldus,4,M,9.509833333333331,adverbid,203,1280.7795439807921
20211018_234_spirituaalne_petaja_andrues_vana_vline_edu_on_sinu_sisemise_kpsuse_peegeldus,5,M,10.847333333333337,adverbid,268,1482.391985741503
20211018_234_spirituaalne_petaja_andrues_vana_vline_edu_on_sinu_sisemise_kpsuse_peegeldus,6,M,8.425,adverbid,205,1459.9406528189909
20211018_234_spirituaalne_petaja_andrues_vana_vline_edu_on_sinu_sisemise_kpsuse_peegeldus,7,M,0.9161666666666708,adverbid,17,1113.3345461160582
20211018_234_spirituaalne_petaja_andrues_vana_vline_edu_on_sinu_sisemise_kpsuse_peegeldus,8,M,7.345000000000004,adverbid,180,1470.3880190605846
20211018_234_spirituaalne_petaja_andrues_vana_vline_edu_on_sinu_sisemise_kpsuse_peegeldus,9,M,3.9369999999999967,adverbid,92,1402.0828041656093
20211018_234_spirituaalne_petaja_andrues_vana_vline_edu_on_sinu_sisemise_kpsuse_peegeldus,10,M,11.049,adverbid,264,1433.613901710562
20211018_234_spirituaalne_petaja_andrues_vana_vline_edu_on_sinu_sisemise_kpsuse_peegeldus,11,M,0.3226666666666687,adverbid,6,1115.702479338836
20211018_234_spirituaalne_petaja_andrues_vana_vline_edu_on_sinu_sisemise_kpsuse_peegeldus,12,M,15.896999999999997,adverbid,375,1415.36138894131
20211018_234_spirituaalne_petaja_andrues_vana_vline_edu_on_sinu_sisemise_kpsuse_peegeldus,13,M,8.61866666666668,adverbid,228,1587.2524752475222
20211018_234_spirituaalne_petaja_andrues_vana_vline_edu_on_sinu_sisemise_kpsuse_peegeldus,14,M,0.7370000000000042,adverbid,6,488.46675712347076
20211018_234_spirituaalne_petaja_andrues_vana_vline_edu_on_sinu_sisemise_kpsuse_peegeldus,15,M,7.389833333333324,adverbid,220,1786.2378492974606
20211018_234_spirituaalne_petaja_andrues_vana_vline_edu_on_sinu_sisemise_kpsuse_peegeldus,16,M,0.2313333333333351,adverbid,1,259.36599423630923
20211018_234_spirituaalne_petaja_andrues_vana_vline_edu_on_sinu_sisemise_kpsuse_peegeldus,17,M,0.319333333333346,adverbid,5,939.4572025051818
20211018_234_spirituaalne_petaja_andrues_vana_vline_edu_on_sinu_sisemise_kpsuse_peegeldus,18,M,2.0730000000000017,adverbid,46,1331.4037626628065
20211018_234_spirituaalne_petaja_andrues_vana_vline_edu_on_sinu_sisemise_kpsuse_peegeldus,19,M,1.237833333333341,adverbid,27,1308.738386966466
20211018_234_spirituaalne_petaja_andrues_vana_vline_edu_on_sinu_sisemise_kpsuse_peegeldus,20,M,13.132166666666656,adverbid,287,1311.283997309407
20211018_234_spirituaalne_petaja_andrues_vana_vline_edu_on_sinu_sisemise_kpsuse_peegeldus,21,M,0.0953333333333224,adverbid,4,2517.4825174828056
20211018_234_spirituaalne_petaja_andrues_vana_vline_edu_on_sinu_sisemise_kpsuse_peegeldus,22,M,2.9658333333333453,adverbid,80,1618.4321438606285
20211018_234_spirituaalne_petaja_andrues_vana_vline_edu_on_sinu_sisemise_kpsuse_peegeldus,23,M,2.269833333333342,adverbid,52,1374.5502606652417
20211122_novembrikuu_eesti_puuetega_inimeste_kojas__sensationalstem_soomes,3,M,11.740166666666664,adverbid,244,1247.0010363282747
20211221_podcast_noorteaken_14__killu_kolsar_kes_on_arengutreener,1,F,2.3658333333333332,adverbid,63,1597.7456851003876
20211221_podcast_noorteaken_14__killu_kolsar_kes_on_arengutreener,2,F,34.03616666666667,adverbid,1082,1907.382832966893
20220104_mehed_ei_nuta_kontaveidi_fnnid_liialdasid_vehklejate_rappimisega_spordiaasta_suured_ksimused,0,M,6.2645,adverbid,177,1695.2669806049962
20220104_mehed_ei_nuta_kontaveidi_fnnid_liialdasid_vehklejate_rappimisega_spordiaasta_suured_ksimused,1,M,15.986666666666665,adverbid,475,1782.7356130108428
20220104_mehed_ei_nuta_kontaveidi_fnnid_liialdasid_vehklejate_rappimisega_spordiaasta_suured_ksimused,2,M,14.309833333333332,adverbid,479,2008.409135908874
20220104_mehed_ei_nuta_kontaveidi_fnnid_liialdasid_vehklejate_rappimisega_spordiaasta_suured_ksimused,3,M,25.564166666666665,adverbid,703,1649.9657724027772
20220104_mehed_ei_nuta_kontaveidi_fnnid_liialdasid_vehklejate_rappimisega_spordiaasta_suured_ksimused,4,M,2.4730000000000016,adverbid,50,1213.1014961585113
20220104_mehed_ei_nuta_kontaveidi_fnnid_liialdasid_vehklejate_rappimisega_spordiaasta_suured_ksimused,5,M,5.981833333333339,adverbid,144,1444.3732412025286
20220106_239_marius_vahter_ja_sven_kabanen_mikrobioomi_olulisusest_detoksist_ja_probiootikumidest,2,M,1.049,adverbid,33,1887.5119161105815
20220106_239_marius_vahter_ja_sven_kabanen_mikrobioomi_olulisusest_detoksist_ja_probiootikumidest,3,M,0.0586666666666668,adverbid,2,2045.4545454545396
20220106_239_marius_vahter_ja_sven_kabanen_mikrobioomi_olulisusest_detoksist_ja_probiootikumidest,4,M,0.1786666666666666,adverbid,3,1007.4626865671644
20220106_239_marius_vahter_ja_sven_kabanen_mikrobioomi_olulisusest_detoksist_ja_probiootikumidest,5,M,0.3978333333333334,adverbid,6,904.9015500628402
20220106_239_marius_vahter_ja_sven_kabanen_mikrobioomi_olulisusest_detoksist_ja_probiootikumidest,6,M,0.2218333333333333,adverbid,7,1893.3132982719756
20220106_239_marius_vahter_ja_sven_kabanen_mikrobioomi_olulisusest_detoksist_ja_probiootikumidest,7,M,0.0601666666666668,adverbid,1,997.2299168975032
20220106_239_marius_vahter_ja_sven_kabanen_mikrobioomi_olulisusest_detoksist_ja_probiootikumidest,9,M,0.1050000000000001,adverbid,1,571.4285714285703
20220106_239_marius_vahter_ja_sven_kabanen_mikrobioomi_olulisusest_detoksist_ja_probiootikumidest,10,M,13.381833333333336,adverbid,415,1860.7315888455742
20220106_239_marius_vahter_ja_sven_kabanen_mikrobioomi_olulisusest_detoksist_ja_probiootikumidest,11,M,10.21866666666667,adverbid,315,1849.55636743215
20220106_239_marius_vahter_ja_sven_kabanen_mikrobioomi_olulisusest_detoksist_ja_probiootikumidest,12,M,2.722666666666669,adverbid,77,1696.8658178256599
20220106_239_marius_vahter_ja_sven_kabanen_mikrobioomi_olulisusest_detoksist_ja_probiootikumidest,13,M,0.975333333333333,adverbid,26,1599.4531784005471
20220106_239_marius_vahter_ja_sven_kabanen_mikrobioomi_olulisusest_detoksist_ja_probiootikumidest,14,M,1.674666666666667,adverbid,60,2149.68152866242
20220106_239_marius_vahter_ja_sven_kabanen_mikrobioomi_olulisusest_detoksist_ja_probiootikumidest,15,M,4.221833333333328,adverbid,148,2103.351624491732
20220106_239_marius_vahter_ja_sven_kabanen_mikrobioomi_olulisusest_detoksist_ja_probiootikumidest,16,M,8.25216666666667,adverbid,259,1883.1418011431333
20220106_239_marius_vahter_ja_sven_kabanen_mikrobioomi_olulisusest_detoksist_ja_probiootikumidest,17,M,7.815333333333334,adverbid,227,1742.7279706559752
20220106_239_marius_vahter_ja_sven_kabanen_mikrobioomi_olulisusest_detoksist_ja_probiootikumidest,18,M,0.994666666666664,adverbid,35,2111.2600536193086
20220106_239_marius_vahter_ja_sven_kabanen_mikrobioomi_olulisusest_detoksist_ja_probiootikumidest,19,M,7.805833333333331,adverbid,278,2136.863456816484
20220106_239_marius_vahter_ja_sven_kabanen_mikrobioomi_olulisusest_detoksist_ja_probiootikumidest,20,M,4.116166666666663,adverbid,116,1690.8936308053624
20220106_239_marius_vahter_ja_sven_kabanen_mikrobioomi_olulisusest_detoksist_ja_probiootikumidest,21,M,5.381833333333338,adverbid,167,1861.8190827165447
20220106_239_marius_vahter_ja_sven_kabanen_mikrobioomi_olulisusest_detoksist_ja_probiootikumidest,22,M,8.933833333333329,adverbid,270,1813.33134339496
20220106_239_marius_vahter_ja_sven_kabanen_mikrobioomi_olulisusest_detoksist_ja_probiootikumidest,23,M,3.5753333333333406,adverbid,117,1963.453291068428
20220106_239_marius_vahter_ja_sven_kabanen_mikrobioomi_olulisusest_detoksist_ja_probiootikumidest,24,M,7.124166666666664,adverbid,230,1937.0686630015216
20220106_239_marius_vahter_ja_sven_kabanen_mikrobioomi_olulisusest_detoksist_ja_probiootikumidest,25,M,2.705000000000003,adverbid,97,2151.5711645101637
20220106_239_marius_vahter_ja_sven_kabanen_mikrobioomi_olulisusest_detoksist_ja_probiootikumidest,26,M,1.4521666666666684,adverbid,46,1900.608286468493
20220106_239_marius_vahter_ja_sven_kabanen_mikrobioomi_olulisusest_detoksist_ja_probiootikumidest,27,M,12.972166666666665,adverbid,421,1947.2460267495796
20220106_239_marius_vahter_ja_sven_kabanen_mikrobioomi_olulisusest_detoksist_ja_probiootikumidest,28,M,1.7690000000000057,adverbid,47,1594.12097230073
20220106_239_marius_vahter_ja_sven_kabanen_mikrobioomi_olulisusest_detoksist_ja_probiootikumidest,29,M,2.1721666666666652,adverbid,73,2016.419857285354
20220106_239_marius_vahter_ja_sven_kabanen_mikrobioomi_olulisusest_detoksist_ja_probiootikumidest,30,M,3.5978333333333317,adverbid,107,1784.4072821605605
20220106_239_marius_vahter_ja_sven_kabanen_mikrobioomi_olulisusest_detoksist_ja_probiootikumidest,31,M,12.477833333333336,adverbid,350,1682.9844925000332
20220114_2021_aasta_kokkuvte_epikoja_tegevjuhi_kohusetitjaga_tauno_asujaga,1,M,19.17216666666667,adverbid,365,1142.2809106951918
20220203_dr_annika_uue_dr_aime_keis_kukkumise_traumadest_ja_emo_igapevasest_tst,0,F,23.404166666666665,adverbid,816,2091.93519672423
20220204_tahad_elada_oma_unistuste_elu_need_kaks_naist_aitavad_sul_seda_saavutada,1,F,40.18816666666667,adverbid,948,1415.3419953634777
20220206_kollektiivne_katk_14006022022,2,M,14.377,adverbid,348,1452.319677262294
20220206_kollektiivne_katk_14006022022,6,M,15.423333333333334,adverbid,333,1295.4398098119732
20220206_kollektiivne_katk_14006022022,12,M,0.8713333333333328,adverbid,19,1308.339709257843
20220206_kollektiivne_katk_14006022022,16,M,0.8841666666666659,adverbid,19,1289.3496701225272
20220206_kollektiivne_katk_14006022022,18,M,40.13216666666667,adverbid,910,1360.504665833309
20220206_kollektiivne_katk_14006022022,26,M,13.609,adverbid,314,1384.3779851568816
20220206_kollektiivne_katk_14006022022,28,M,1.3178333333333436,adverbid,49,2230.934614898174
20220206_kollektiivne_katk_14006022022,29,M,1.944999999999997,adverbid,31,956.2982005141403
20220216_kristina_kallas_eesti_200_ei_tegele_kersti_kaljulaiu_teemaga,0,F,20.730666666666668,adverbid,568,1643.9413429379983
20220217_jrvamaa_ja_viljandimaa_kinnisvaraturu_levaade_ja_prognoos,0,F,1.5561666666666667,adverbid,32,1233.8010067473492
20220217_jrvamaa_ja_viljandimaa_kinnisvaraturu_levaade_ja_prognoos,1,F,3.164166666666666,adverbid,98,1858.309191466948
20220217_jrvamaa_ja_viljandimaa_kinnisvaraturu_levaade_ja_prognoos,2,F,4.681,adverbid,152,1948.3016449476609
20220217_jrvamaa_ja_viljandimaa_kinnisvaraturu_levaade_ja_prognoos,3,F,21.296,adverbid,607,1710.1803155522164
20220220_podcast_noorteaken_15__anett_mnniste_tasuta_vlismaale,2,F,32.540166666666664,adverbid,1018,1877.0647558658275
20220222_annely_soots_tervislikust_ja_tisvrtuslikust_toitumisest,0,F,26.673,adverbid,795,1788.3252727477222
20220223_kersti_kaljulaid_kas_mu_silmad_plevad_vimujanust,0,F,25.137,adverbid,716,1709.0344909893781
20220304_prnumaa_ja_saarte_kinnisvaraturulevaade,0,F,11.884166666666667,adverbid,295,1489.3766215552905
20220304_prnumaa_ja_saarte_kinnisvaraturulevaade,1,F,1.7738333333333325,adverbid,45,1522.127219768863
20220304_prnumaa_ja_saarte_kinnisvaraturulevaade,2,F,2.0890000000000004,adverbid,62,1780.756342747726
20220304_prnumaa_ja_saarte_kinnisvaraturulevaade,3,F,2.402666666666668,adverbid,61,1523.307436182019
20220304_prnumaa_ja_saarte_kinnisvaraturulevaade,4,F,2.991333333333334,adverbid,73,1464.2299977713394
20220304_prnumaa_ja_saarte_kinnisvaraturulevaade,5,F,0.3770000000000019,adverbid,8,1273.2095490716115
20220304_prnumaa_ja_saarte_kinnisvaraturulevaade,6,F,0.7833333333333333,adverbid,21,1608.5106382978724
20220304_prnumaa_ja_saarte_kinnisvaraturulevaade,7,F,0.5978333333333316,adverbid,12,1204.3490381934803
20220304_prnumaa_ja_saarte_kinnisvaraturulevaade,8,F,1.7978333333333316,adverbid,52,1735.4222675442677
20220304_prnumaa_ja_saarte_kinnisvaraturulevaade,9,F,2.7665,adverbid,60,1301.2832098319175
20220306_podcast_noorteaken_16__eva_maria_hanson_eluks_valmis,2,F,27.668166666666668,adverbid,737,1598.2266021721712
20220308_sodiaagisosinad_07031303_tundekllane_ndalalpp_loob_unenolise_atmosfri,0,F,17.593000000000004,adverbid,553,1885.9773773659974
20220308_sodiaagisosinad_07031303_tundekllane_ndalalpp_loob_unenolise_atmosfri,1,F,3.3610000000000015,adverbid,123,2195.775066944361
20220308_sodiaagisosinad_07031303_tundekllane_ndalalpp_loob_unenolise_atmosfri,2,F,15.383333333333333,adverbid,503,1961.863488624052
20220308_sodiaagisosinad_07031303_tundekllane_ndalalpp_loob_unenolise_atmosfri,4,F,2.3818333333333386,adverbid,58,1461.0594080190297
