episode_id,section_index,gender,minutes,pos,raw_count,freq_per_100_lemmas
20190101_mehed_ei_nuta_suur_uusaastasaade_absoluutne_tde_ehk_eelmise_spordiaasta_top25_edetabel,1,M,6.895333333333334,kaassõnad,20,0.005711903034734
20190101_mehed_ei_nuta_suur_uusaastasaade_absoluutne_tde_ehk_eelmise_spordiaasta_top25_edetabel,2,M,38.38016666666667,kaassõnad,116,0.0331290376014572
20190101_mehed_ei_nuta_suur_uusaastasaade_absoluutne_tde_ehk_eelmise_spordiaasta_top25_edetabel,3,M,1.4586666666666663,kaassõnad,1,0.0002855951517367
20190101_mehed_ei_nuta_suur_uusaastasaade_absoluutne_tde_ehk_eelmise_spordiaasta_top25_edetabel,4,M,70.77066666666666,kaassõnad,166,0.0474087951882922
20190102_58_saade__ajurveeda_edendaja_kaja_keil,0,F,43.91566666666667,kaassõnad,101,0.0347759020214759
20190102_esialgu_nimeta_podcast_ep_2,0,M,1.714,kaassõnad,4,0.0011423806069468
20190102_esialgu_nimeta_podcast_ep_2,1,M,1.777,kaassõnad,1,0.0002855951517367
20190102_esialgu_nimeta_podcast_ep_2,3,M,1.5433333333333337,kaassõnad,2,0.0005711903034734
20190102_esialgu_nimeta_podcast_ep_2,5,M,2.9161666666666664,kaassõnad,9,0.0025703563656303
20190102_esialgu_nimeta_podcast_ep_2,8,M,0.4810000000000002,kaassõnad,1,0.0002855951517367
20190102_esialgu_nimeta_podcast_ep_2,9,M,0.3786666666666671,kaassõnad,1,0.0002855951517367
20190102_esialgu_nimeta_podcast_ep_2,11,M,1.0490000000000008,kaassõnad,2,0.0005711903034734
20190102_esialgu_nimeta_podcast_ep_2,12,M,13.065,kaassõnad,31,0.0088534497038377
20190102_esialgu_nimeta_podcast_ep_2,13,M,14.116166666666665,kaassõnad,29,0.008282259400364301
20190102_esialgu_nimeta_podcast_ep_2,14,M,2.2681666666666613,kaassõnad,2,0.0005711903034734
20190102_esialgu_nimeta_podcast_ep_2,15,M,5.465000000000002,kaassõnad,7,0.0019991660621569
20190102_esialgu_nimeta_podcast_ep_2,16,M,1.425,kaassõnad,2,0.0005711903034734
20190102_esialgu_nimeta_podcast_ep_2,17,M,1.8841666666666697,kaassõnad,2,0.0005711903034734
20190102_esialgu_nimeta_podcast_ep_2,18,M,1.5386666666666693,kaassõnad,2,0.0005711903034734
20190102_esialgu_nimeta_podcast_ep_2,19,M,1.600999999999999,kaassõnad,5,0.0014279757586835
20190102_esialgu_nimeta_podcast_ep_2,22,M,0.7818333333333309,kaassõnad,3,0.0008567854552101
20190102_esialgu_nimeta_podcast_ep_2,24,M,0.0433333333333318,kaassõnad,1,0.0002855951517367
20190102_esialgu_nimeta_podcast_ep_4,0,M,4.7108333333333325,kaassõnad,7,0.0019991660621569
20190102_esialgu_nimeta_podcast_ep_4,1,M,5.327333333333334,kaassõnad,16,0.0045695224277872
20190102_esialgu_nimeta_podcast_ep_4,2,M,37.60733333333334,kaassõnad,111,0.0317010618427737
20190102_esialgu_nimeta_podcast_ep_4,3,M,5.818666666666664,kaassõnad,8,0.0022847612138936
20190102_esialgu_nimeta_podcast_ep_4,4,M,4.514666666666669,kaassõnad,5,0.0014279757586835
20190108_mehed_ei_nuta_aasta_suured_ksimused__kas_tnak_vidab_tiitli_kas_kirt_viskab_90_meetrit,1,M,24.004166666666663,kaassõnad,51,0.0145653527385717
20190108_mehed_ei_nuta_aasta_suured_ksimused__kas_tnak_vidab_tiitli_kas_kirt_viskab_90_meetrit,2,M,21.29866666666667,kaassõnad,47,0.0134229721316249
20190108_mehed_ei_nuta_aasta_suured_ksimused__kas_tnak_vidab_tiitli_kas_kirt_viskab_90_meetrit,3,M,4.30016666666667,kaassõnad,9,0.0025703563656303
20190108_mehed_ei_nuta_aasta_suured_ksimused__kas_tnak_vidab_tiitli_kas_kirt_viskab_90_meetrit,4,M,5.474666666666667,kaassõnad,10,0.002855951517367
20190108_mehed_ei_nuta_aasta_suured_ksimused__kas_tnak_vidab_tiitli_kas_kirt_viskab_90_meetrit,5,M,20.710666666666665,kaassõnad,50,0.014279757586835
20190109_59_saade__astroloog_taimi_uuesoo_tutvustab_meile_13_thtkuju,0,F,0.9045,kaassõnad,1,0.0003443158615987
20190109_59_saade__astroloog_taimi_uuesoo_tutvustab_meile_13_thtkuju,1,F,41.34983333333333,kaassõnad,100,0.0344315861598773
20190115_mehed_ei_nuta_kas_ott_tnak_peaks_olema_aeglasem_kas_lati_alt_jooksis_kullame_vi_klubi_omanik,1,M,4.868166666666666,kaassõnad,12,0.0034271418208404
20190115_mehed_ei_nuta_kas_ott_tnak_peaks_olema_aeglasem_kas_lati_alt_jooksis_kullame_vi_klubi_omanik,2,M,14.613833333333332,kaassõnad,33,0.0094246400073111
20190115_mehed_ei_nuta_kas_ott_tnak_peaks_olema_aeglasem_kas_lati_alt_jooksis_kullame_vi_klubi_omanik,3,M,8.922666666666665,kaassõnad,26,0.0074254739451542
20190115_mehed_ei_nuta_kas_ott_tnak_peaks_olema_aeglasem_kas_lati_alt_jooksis_kullame_vi_klubi_omanik,5,M,8.005833333333332,kaassõnad,14,0.0039983321243138
20190115_mehed_ei_nuta_kas_ott_tnak_peaks_olema_aeglasem_kas_lati_alt_jooksis_kullame_vi_klubi_omanik,6,M,20.665000000000003,kaassõnad,53,0.0151365430420451
20190115_mehed_ei_nuta_kas_ott_tnak_peaks_olema_aeglasem_kas_lati_alt_jooksis_kullame_vi_klubi_omanik,7,M,1.978666666666671,kaassõnad,4,0.0011423806069468
20190115_mehed_ei_nuta_kas_ott_tnak_peaks_olema_aeglasem_kas_lati_alt_jooksis_kullame_vi_klubi_omanik,8,M,5.863333333333336,kaassõnad,16,0.0045695224277872
20190117_61_saade__veedatar_alexis_varnum_aitab_sul_leida_endale_ideaalse_maailma,0,F,41.64533333333333,kaassõnad,85,0.029266848235894698
20190204_63_saade__niad_helve_ja_liina_soovitavad_armastust_maagiaga_mitte_meelitada,0,F,36.162,kaassõnad,93,0.032021375128684096
20190204_63_saade__niad_helve_ja_liina_soovitavad_armastust_maagiaga_mitte_meelitada,1,F,6.474666666666667,kaassõnad,17,0.0058533696471785
20190307_67_saade_rgime_kogukonnast_kus_kik_mehed_on_naistele_truud,0,F,1.546,kaassõnad,2,0.0006886317231974
20190307_67_saade_rgime_kogukonnast_kus_kik_mehed_on_naistele_truud,1,F,5.028166666666667,kaassõnad,11,0.0037874744775859
20190307_67_saade_rgime_kogukonnast_kus_kik_mehed_on_naistele_truud,3,F,12.514666666666669,kaassõnad,22,0.007574948955171999
20190307_67_saade_rgime_kogukonnast_kus_kik_mehed_on_naistele_truud,4,F,13.447333333333331,kaassõnad,19,0.0065420013703758
20190307_67_saade_rgime_kogukonnast_kus_kik_mehed_on_naistele_truud,6,F,6.178666666666663,kaassõnad,7,0.002410211031191
20190408_68_saade__hingamisterapeudid_annavad_npuniteid_kuidas_end_terveks_ja_nnelikuks_hingata,0,F,39.77,kaassõnad,88,0.0302997958206912
20190408_68_saade__hingamisterapeudid_annavad_npuniteid_kuidas_end_terveks_ja_nnelikuks_hingata,1,F,2.1498333333333295,kaassõnad,3,0.0010329475847963
20190408_71_saade__klas_kis_veider_kerglane_hullumeelne_ja_leldse_defineerimatu_kaidi_karilaid,0,F,7.418,kaassõnad,16,0.0055090537855797
20190408_71_saade__klas_kis_veider_kerglane_hullumeelne_ja_leldse_defineerimatu_kaidi_karilaid,1,F,8.890666666666668,kaassõnad,12,0.0041317903391848996
20190408_71_saade__klas_kis_veider_kerglane_hullumeelne_ja_leldse_defineerimatu_kaidi_karilaid,2,F,11.229833333333334,kaassõnad,23,0.0079192648167712
20190408_71_saade__klas_kis_veider_kerglane_hullumeelne_ja_leldse_defineerimatu_kaidi_karilaid,4,F,3.7001666666666666,kaassõnad,2,0.0006886317231974
20190408_71_saade__klas_kis_veider_kerglane_hullumeelne_ja_leldse_defineerimatu_kaidi_karilaid,5,F,12.764166666666664,kaassõnad,26,0.0089522124015667
20190417_73_saade__risti_nia_maagilised_vlusnumid_rasketeks_hetkedeks,0,F,2.8245,kaassõnad,4,0.0013772634463948
20190417_73_saade__risti_nia_maagilised_vlusnumid_rasketeks_hetkedeks,1,F,12.842666666666668,kaassõnad,32,0.011018107571159499
20190417_73_saade__risti_nia_maagilised_vlusnumid_rasketeks_hetkedeks,2,F,4.082666666666667,kaassõnad,15,0.0051647379239808
20190417_73_saade__risti_nia_maagilised_vlusnumid_rasketeks_hetkedeks,3,F,0.6106666666666684,kaassõnad,3,0.0010329475847961
20190417_73_saade__risti_nia_maagilised_vlusnumid_rasketeks_hetkedeks,4,F,22.668166666666664,kaassõnad,64,0.022036215142320098
20190823_90_saade__hundiuurija_laura_kiiroja_arutleb_kas_eestlased_vrivad_oma_rahvuslooma,0,F,9.627666666666666,kaassõnad,24,0.0082635806783695
20190823_90_saade__hundiuurija_laura_kiiroja_arutleb_kas_eestlased_vrivad_oma_rahvuslooma,1,F,23.29866666666667,kaassõnad,36,0.0123953710175546
20190823_90_saade__hundiuurija_laura_kiiroja_arutleb_kas_eestlased_vrivad_oma_rahvuslooma,2,F,6.433000000000004,kaassõnad,19,0.0065420013703758
20190823_90_saade__hundiuurija_laura_kiiroja_arutleb_kas_eestlased_vrivad_oma_rahvuslooma,3,F,3.386666666666671,kaassõnad,6,0.0020658951695922
20190904_bipolaarne_vandenud_1,0,M,10.242,kaassõnad,21,0.0059974981864707
20190904_bipolaarne_vandenud_1,1,M,19.144999999999996,kaassõnad,39,0.0111382109177313
20190904_bipolaarne_vandenud_1,2,M,1.5081666666666669,kaassõnad,8,0.0022847612138936
20190904_bipolaarne_vandenud_1,3,M,23.900166666666664,kaassõnad,44,0.0125661866764148
20190904_bipolaarne_vandenud_1,4,M,1.1146666666666685,kaassõnad,1,0.0002855951517367
20190904_bipolaarne_vandenud_1,5,M,1.8810000000000024,kaassõnad,3,0.0008567854552101
20190904_bipolaarne_vandenud_1,7,M,5.0089999999999995,kaassõnad,10,0.002855951517367
20190908_bipolaarne_armastus_2,0,M,21.2325,kaassõnad,41,0.0117094012212047
20190908_bipolaarne_armastus_2,1,M,0.9193333333333348,kaassõnad,4,0.0011423806069468
20190908_bipolaarne_armastus_2,2,M,20.148166666666665,kaassõnad,46,0.013137376979888201
20190908_bipolaarne_armastus_2,3,M,4.2330000000000005,kaassõnad,11,0.0031415466691037
20190908_bipolaarne_armastus_2,4,M,3.4393333333333356,kaassõnad,7,0.0019991660621569
20191223_arcopod_s1e1_leanika_2019,0,F,45.16716666666667,kaassõnad,113,0.0389076923606608
20200105_episood_47__vilkurid_ja_lennukid,1,M,7.962666666666666,kaassõnad,17,0.0048551175795239
20200105_episood_47__vilkurid_ja_lennukid,3,M,4.665,kaassõnad,13,0.0037127369725771
20200105_episood_47__vilkurid_ja_lennukid,4,M,1.0666666666666669,kaassõnad,4,0.0011423806069468
20200105_episood_47__vilkurid_ja_lennukid,5,M,0.7913333333333337,kaassõnad,1,0.0002855951517367
20200105_episood_47__vilkurid_ja_lennukid,6,M,5.688999999999998,kaassõnad,4,0.0011423806069468
20200105_episood_47__vilkurid_ja_lennukid,7,M,0.4138333333333321,kaassõnad,1,0.0002855951517367
20200105_episood_47__vilkurid_ja_lennukid,8,M,17.665000000000003,kaassõnad,35,0.0099958303107845
20200105_episood_47__vilkurid_ja_lennukid,9,M,2.5386666666666695,kaassõnad,2,0.0005711903034734
20200105_episood_47__vilkurid_ja_lennukid,10,M,2.975333333333333,kaassõnad,2,0.0005711903034734
20200105_episood_47__vilkurid_ja_lennukid,11,M,9.482666666666669,kaassõnad,8,0.0022847612138936
20200105_episood_47__vilkurid_ja_lennukid,12,M,5.412166666666667,kaassõnad,7,0.0019991660621569
20200105_episood_47__vilkurid_ja_lennukid,14,M,0.5689999999999978,kaassõnad,1,0.0002855951517367
20200105_episood_47__vilkurid_ja_lennukid,15,M,1.1386666666666618,kaassõnad,1,0.0002855951517367
20200105_episood_47__vilkurid_ja_lennukid,20,M,5.591333333333334,kaassõnad,8,0.0022847612138936
20200105_episood_47__vilkurid_ja_lennukid,21,M,7.128999999999996,kaassõnad,8,0.0022847612138936
20200105_episood_47__vilkurid_ja_lennukid,22,M,2.0489999999999933,kaassõnad,4,0.0011423806069468
20200105_episood_47__vilkurid_ja_lennukid,23,M,0.625,kaassõnad,1,0.0002855951517367
20200105_episood_47__vilkurid_ja_lennukid,25,M,2.0073333333333268,kaassõnad,4,0.0011423806069468
20200105_episood_47__vilkurid_ja_lennukid,26,M,1.9721666666666655,kaassõnad,5,0.0014279757586835
20200105_episood_47__vilkurid_ja_lennukid,27,M,2.711333333333338,kaassõnad,9,0.0025703563656303
20200105_episood_47__vilkurid_ja_lennukid,28,M,7.664999999999994,kaassõnad,12,0.0034271418208404
20200105_episood_47__vilkurid_ja_lennukid,29,M,2.898666666666668,kaassõnad,3,0.0008567854552101
20200105_episood_47__vilkurid_ja_lennukid,30,M,2.0393333333333277,kaassõnad,2,0.0005711903034734
20200105_episood_47__vilkurid_ja_lennukid,31,M,2.5273333333333388,kaassõnad,6,0.0017135709104202
20200105_episood_47__vilkurid_ja_lennukid,32,M,3.098666666666668,kaassõnad,3,0.0008567854552101
20200105_episood_47__vilkurid_ja_lennukid,33,M,1.641000000000001,kaassõnad,4,0.0011423806069468
20200105_episood_47__vilkurid_ja_lennukid,34,M,1.0073333333333268,kaassõnad,1,0.0002855951517367
20200105_episood_47__vilkurid_ja_lennukid,36,M,2.4009999999999914,kaassõnad,2,0.0005711903034734
20200105_episood_47__vilkurid_ja_lennukid,37,M,2.1353333333333313,kaassõnad,3,0.0008567854552101
20200105_saaga_jtkub_20__040_05012020,4,M,2.393,kaassõnad,4,0.0011423806069468
20200105_saaga_jtkub_20__040_05012020,12,M,0.0586666666666663,kaassõnad,1,0.0002855951517367
20200105_saaga_jtkub_20__040_05012020,13,M,0.7449999999999998,kaassõnad,5,0.0014279757586835
20200105_saaga_jtkub_20__040_05012020,15,M,0.8698333333333333,kaassõnad,2,0.0005711903034734
20200105_saaga_jtkub_20__040_05012020,16,M,1.818666666666668,kaassõnad,5,0.0014279757586835
20200105_saaga_jtkub_20__040_05012020,19,M,4.261833333333334,kaassõnad,1,0.0002855951517367
20200105_saaga_jtkub_20__040_05012020,22,M,1.850666666666666,kaassõnad,1,0.0002855951517367
20200105_saaga_jtkub_20__040_05012020,23,M,1.588166666666666,kaassõnad,3,0.0008567854552101
20200105_saaga_jtkub_20__040_05012020,25,M,2.183333333333333,kaassõnad,5,0.0014279757586835
20200105_saaga_jtkub_20__040_05012020,28,M,4.0426666666666655,kaassõnad,2,0.0005711903034734
20200105_saaga_jtkub_20__040_05012020,30,M,4.597833333333331,kaassõnad,2,0.0005711903034734
20200105_saaga_jtkub_20__040_05012020,33,M,1.6570000000000011,kaassõnad,4,0.0011423806069468
20200105_saaga_jtkub_20__040_05012020,76,M,3.2906666666666675,kaassõnad,5,0.0014279757586835
20200105_saaga_jtkub_20__040_05012020,95,M,2.161000000000006,kaassõnad,2,0.0005711903034734
20200105_saaga_jtkub_20__040_05012020,96,M,0.7833333333333333,kaassõnad,2,0.0005711903034734
20200105_saaga_jtkub_20__040_05012020,98,M,0.7513333333333321,kaassõnad,1,0.0002855951517367
20200105_saaga_jtkub_20__040_05012020,118,M,1.978666666666671,kaassõnad,5,0.0014279757586835
20200112_kekkonenis_takeover__041_12012020,4,M,2.353,kaassõnad,6,0.0017135709104202
20200112_kekkonenis_takeover__041_12012020,6,M,1.5578333333333334,kaassõnad,2,0.0005711903034734
20200112_kekkonenis_takeover__041_12012020,7,M,5.909833333333334,kaassõnad,13,0.0037127369725771
20200112_kekkonenis_takeover__041_12012020,19,M,0.898666666666666,kaassõnad,1,0.0002855951517367
20200112_kekkonenis_takeover__041_12012020,30,M,1.6538333333333337,kaassõnad,4,0.0011423806069468
20200112_kekkonenis_takeover__041_12012020,51,M,2.367333333333333,kaassõnad,4,0.0011423806069468
20200112_kekkonenis_takeover__041_12012020,56,M,1.1113333333333306,kaassõnad,4,0.0011423806069468
20200112_kekkonenis_takeover__041_12012020,57,M,0.1498333333333334,kaassõnad,1,0.0002855951517367
20200112_kekkonenis_takeover__041_12012020,59,M,0.3209999999999998,kaassõnad,3,0.0008567854552101
20200112_kekkonenis_takeover__041_12012020,67,M,0.1689999999999978,kaassõnad,1,0.0002855951517367
20200112_kekkonenis_takeover__041_12012020,69,M,3.1498333333333375,kaassõnad,9,0.0025703563656303
20200112_kekkonenis_takeover__041_12012020,90,M,2.1129999999999955,kaassõnad,5,0.0014279757586835
20200112_kekkonenis_takeover__041_12012020,101,M,1.485833333333335,kaassõnad,7,0.0019991660621569
20200112_kekkonenis_takeover__041_12012020,106,M,0.6841666666666697,kaassõnad,1,0.0002855951517367
20200112_kekkonenis_takeover__041_12012020,108,M,0.0473333333333281,kaassõnad,1,0.0002855951517367
20200112_kekkonenis_takeover__041_12012020,109,M,0.3529999999999972,kaassõnad,1,0.0002855951517367
20200112_kekkonenis_takeover__041_12012020,110,M,0.2938333333333351,kaassõnad,1,0.0002855951517367
20200112_kekkonenis_takeover__041_12012020,111,M,3.5673333333333326,kaassõnad,13,0.0037127369725771
20200112_kekkonenis_takeover__041_12012020,112,M,4.231333333333335,kaassõnad,5,0.0014279757586835
20200112_kekkonenis_takeover__041_12012020,114,M,7.581833333333331,kaassõnad,7,0.0019991660621569
20200116_112_saade__astroloog_anu_kallavus_teab_mis_on_veevalajaajastul_teisiti_kui_kaladeajastul,1,F,53.22666666666667,kaassõnad,98,0.0337429544366787
20200124_114_saade__meisterpetaja_kristiina_raie_rgib_teekonnast_peale_keha_surma,1,F,31.314666666666668,kaassõnad,61,0.0210032675575241
20200124_114_saade__meisterpetaja_kristiina_raie_rgib_teekonnast_peale_keha_surma,2,F,28.689000000000004,kaassõnad,43,0.014805582048745798
20200319_kinnisvaraintervjuu_01_tnu_toompark_kinnisvarakool_o_ja_anton_nikitin_ecoadvice_o,0,M,8.516166666666667,kaassõnad,16,0.0045695224277872
20200319_kinnisvaraintervjuu_01_tnu_toompark_kinnisvarakool_o_ja_anton_nikitin_ecoadvice_o,1,M,2.3593333333333333,kaassõnad,3,0.0008567854552101
20200326_kinnisvaraintervjuu_03_tnu_toompark_kinnisvarakool_ja_jaan_liitme_domus_fnd_o,0,M,14.496999999999998,kaassõnad,35,0.0099958303107845
20200330_1_lle_madise_intervjuus_eesti_inimeste_igusi_ei_tohi_ikka_grammigi_rohkem_piirata,0,F,11.714,kaassõnad,31,0.0106737917095606
20200330_1_lle_madise_intervjuus_eesti_inimeste_igusi_ei_tohi_ikka_grammigi_rohkem_piirata,1,F,10.887333333333336,kaassõnad,30,0.010329475847962
20200330_1_lle_madise_intervjuus_eesti_inimeste_igusi_ei_tohi_ikka_grammigi_rohkem_piirata,2,F,1.4676666666666658,kaassõnad,4,0.0013772634463948
20200407_1__linnulauluhommikud,0,M,5.128,kaassõnad,7,0.0019991660621569
20200408_kinnisvaraintervjuu_04_tnu_toompark_kinnisvarakool_ja_mart_saa_laam_kinnisvara,0,M,14.914666666666667,kaassõnad,47,0.0134229721316249
20200412_puhas_eesti_episood__050_12042020,3,M,2.609,kaassõnad,4,0.0011423806069468
20200412_puhas_eesti_episood__050_12042020,5,M,2.137,kaassõnad,3,0.0008567854552101
20200412_puhas_eesti_episood__050_12042020,6,M,1.471333333333333,kaassõnad,6,0.0017135709104202001
20200412_puhas_eesti_episood__050_12042020,7,M,7.231333333333334,kaassõnad,17,0.0048551175795239
20200412_puhas_eesti_episood__050_12042020,8,M,0.8538333333333337,kaassõnad,1,0.0002855951517367
20200412_puhas_eesti_episood__050_12042020,13,M,0.5609999999999995,kaassõnad,2,0.0005711903034734
20200412_puhas_eesti_episood__050_12042020,14,M,0.826666666666667,kaassõnad,1,0.0002855951517367
20200412_puhas_eesti_episood__050_12042020,15,M,0.6106666666666646,kaassõnad,1,0.0002855951517367
20200412_puhas_eesti_episood__050_12042020,18,M,3.615333333333331,kaassõnad,5,0.0014279757586835
20200412_puhas_eesti_episood__050_12042020,26,M,0.4410000000000006,kaassõnad,1,0.0002855951517367
20200412_puhas_eesti_episood__050_12042020,29,M,0.3961666666666664,kaassõnad,2,0.0005711903034734
20200412_puhas_eesti_episood__050_12042020,30,M,0.2361666666666678,kaassõnad,2,0.0005711903034734
20200412_puhas_eesti_episood__050_12042020,32,M,0.5033333333333341,kaassõnad,1,0.0002855951517367
20200412_puhas_eesti_episood__050_12042020,35,M,0.3049999999999992,kaassõnad,1,0.0002855951517367
20200412_puhas_eesti_episood__050_12042020,39,M,0.6730000000000018,kaassõnad,1,0.0002855951517367
20200412_puhas_eesti_episood__050_12042020,43,M,0.4538333333333336,kaassõnad,1,0.0002855951517367
20200412_puhas_eesti_episood__050_12042020,45,M,0.9386666666666656,kaassõnad,1,0.0002855951517367
20200412_puhas_eesti_episood__050_12042020,47,M,4.47466666666667,kaassõnad,10,0.002855951517367
20200412_puhas_eesti_episood__050_12042020,48,M,1.479333333333337,kaassõnad,3,0.0008567854552101
20200412_puhas_eesti_episood__050_12042020,49,M,6.218666666666665,kaassõnad,10,0.002855951517367
20200412_puhas_eesti_episood__050_12042020,50,M,1.770666666666663,kaassõnad,1,0.0002855951517367
20200412_puhas_eesti_episood__050_12042020,51,M,1.129000000000004,kaassõnad,3,0.0008567854552101
20200412_puhas_eesti_episood__050_12042020,54,M,2.412166666666667,kaassõnad,7,0.0019991660621569
20200412_puhas_eesti_episood__050_12042020,55,M,2.8778333333333346,kaassõnad,9,0.0025703563656303
20200412_puhas_eesti_episood__050_12042020,56,M,4.0138333333333325,kaassõnad,14,0.0039983321243138
20200412_puhas_eesti_episood__050_12042020,58,M,0.944999999999997,kaassõnad,2,0.0005711903034734
20200412_puhas_eesti_episood__050_12042020,60,M,2.737000000000004,kaassõnad,1,0.0002855951517367
20200412_puhas_eesti_episood__050_12042020,61,M,3.7418333333333296,kaassõnad,8,0.0022847612138936
20200413_kinnisvaraintervjuu_05_tnu_toompark_kinnisvarakool_ja_neeme_liivlaid_goodson__red,0,M,1.2586666666666668,kaassõnad,4,0.0011423806069468
20200413_kinnisvaraintervjuu_05_tnu_toompark_kinnisvarakool_ja_neeme_liivlaid_goodson__red,1,M,3.7433333333333336,kaassõnad,7,0.0019991660621569
20200413_kinnisvaraintervjuu_05_tnu_toompark_kinnisvarakool_ja_neeme_liivlaid_goodson__red,2,M,3.281,kaassõnad,6,0.0017135709104202
20200413_kinnisvaraintervjuu_05_tnu_toompark_kinnisvarakool_ja_neeme_liivlaid_goodson__red,3,M,2.255333333333333,kaassõnad,2,0.0005711903034734
20200413_kinnisvaraintervjuu_05_tnu_toompark_kinnisvarakool_ja_neeme_liivlaid_goodson__red,4,M,0.7961666666666664,kaassõnad,4,0.0011423806069468
20200413_kinnisvaraintervjuu_05_tnu_toompark_kinnisvarakool_ja_neeme_liivlaid_goodson__red,5,M,1.0586666666666664,kaassõnad,2,0.0005711903034734
20200413_kinnisvaraintervjuu_05_tnu_toompark_kinnisvarakool_ja_neeme_liivlaid_goodson__red,6,M,1.327333333333333,kaassõnad,3,0.0008567854552101
20200413_kinnisvaraintervjuu_05_tnu_toompark_kinnisvarakool_ja_neeme_liivlaid_goodson__red,7,M,6.552999999999999,kaassõnad,10,0.002855951517367
20200413_kinnisvaraintervjuu_05_tnu_toompark_kinnisvarakool_ja_neeme_liivlaid_goodson__red,8,M,2.2521666666666684,kaassõnad,4,0.0011423806069468
20200422_kinnisvaraintervjuu_07_tnu_toompark_kinnisvarakool_ja_andree_raid_raid__ko,0,M,13.490666666666668,kaassõnad,22,0.0062830933382074005
20200422_kinnisvaraintervjuu_07_tnu_toompark_kinnisvarakool_ja_andree_raid_raid__ko,1,M,6.617000000000002,kaassõnad,12,0.0034271418208404003
20200424_kinnisvaraintervjuu_08_tnu_toompark_kinnisvarakool_ja_kaspar_kajuvee_estateguru_o,0,M,16.410666666666668,kaassõnad,34,0.0097102351590478
20200424_kinnisvaraintervjuu_08_tnu_toompark_kinnisvarakool_ja_kaspar_kajuvee_estateguru_o,1,M,2.588166666666668,kaassõnad,2,0.0005711903034734
20200426_6__ndala_soovitus_mine_roostikulinde_kuulama,0,M,5.1498333333333335,kaassõnad,6,0.0017135709104202
20200505_episood_10__estpluatatsioon_november__malev,0,M,5.723666666666667,kaassõnad,8,0.0022847612138936
20200505_episood_10__estpluatatsioon_november__malev,4,M,0.2073333333333333,kaassõnad,1,0.0002855951517367
20200505_episood_10__estpluatatsioon_november__malev,5,M,0.3818333333333328,kaassõnad,2,0.0005711903034734
20200505_episood_10__estpluatatsioon_november__malev,6,M,9.169000000000002,kaassõnad,12,0.0034271418208404003
20200505_episood_10__estpluatatsioon_november__malev,7,M,2.6889999999999987,kaassõnad,4,0.0011423806069468
20200505_episood_10__estpluatatsioon_november__malev,8,M,2.472999999999998,kaassõnad,6,0.0017135709104202
20200505_episood_10__estpluatatsioon_november__malev,9,M,5.1418333333333335,kaassõnad,9,0.0025703563656303
20200505_episood_10__estpluatatsioon_november__malev,10,M,4.069833333333334,kaassõnad,8,0.0022847612138936
20200505_episood_10__estpluatatsioon_november__malev,12,M,2.129,kaassõnad,1,0.0002855951517367
20200505_episood_10__estpluatatsioon_november__malev,13,M,1.0298333333333327,kaassõnad,2,0.0005711903034734
20200505_episood_10__estpluatatsioon_november__malev,14,M,5.245833333333334,kaassõnad,10,0.002855951517367
20200505_episood_10__estpluatatsioon_november__malev,15,M,7.989833333333339,kaassõnad,28,0.0079966642486276
20200505_episood_10__estpluatatsioon_november__malev,16,M,2.783333333333333,kaassõnad,8,0.0022847612138936
20200505_episood_10__estpluatatsioon_november__malev,17,M,7.306666666666668,kaassõnad,12,0.0034271418208404
20200505_episood_10__estpluatatsioon_november__malev,18,M,10.637833333333331,kaassõnad,25,0.0071398787934175
20200505_episood_10__estpluatatsioon_november__malev,19,M,1.8538333333333337,kaassõnad,3,0.0008567854552101
20200505_episood_10__estpluatatsioon_november__malev,20,M,7.633000000000008,kaassõnad,8,0.0022847612138936
20200505_episood_10__estpluatatsioon_november__malev,21,M,1.1978333333333315,kaassõnad,1,0.0002855951517367
20200505_episood_10__estpluatatsioon_november__malev,22,M,0.5193333333333309,kaassõnad,2,0.0005711903034734
20200505_episood_10__estpluatatsioon_november__malev,23,M,6.308166666666663,kaassõnad,15,0.0042839272760505
20200505_episood_10__estpluatatsioon_november__malev,24,M,3.3210000000000037,kaassõnad,5,0.0014279757586835
20200511_7_vilja_kiisler_ksib_urve_palo_vastab_mis_te_seal_viimsis_juba_jlle_laamendate,0,F,24.440333333333335,kaassõnad,73,0.025135057896709098
20200524_see_on_ikkagi_hiphopi_saade_056_24052020,4,M,4.452166666666667,kaassõnad,4,0.0011423806069468
20200524_see_on_ikkagi_hiphopi_saade_056_24052020,6,M,7.1306666666666665,kaassõnad,5,0.0014279757586835
20200524_see_on_ikkagi_hiphopi_saade_056_24052020,10,M,5.007333333333334,kaassõnad,6,0.0017135709104202
20200524_see_on_ikkagi_hiphopi_saade_056_24052020,11,M,6.058666666666666,kaassõnad,11,0.0031415466691037002
20200524_see_on_ikkagi_hiphopi_saade_056_24052020,13,M,8.673000000000002,kaassõnad,11,0.0031415466691037002
20200524_see_on_ikkagi_hiphopi_saade_056_24052020,16,M,2.0073333333333343,kaassõnad,4,0.0011423806069468
20200524_see_on_ikkagi_hiphopi_saade_056_24052020,27,M,3.098666666666668,kaassõnad,4,0.0011423806069468
20200524_see_on_ikkagi_hiphopi_saade_056_24052020,29,M,1.2521666666666684,kaassõnad,1,0.0002855951517367
20200524_see_on_ikkagi_hiphopi_saade_056_24052020,34,M,13.362666666666662,kaassõnad,16,0.0045695224277872
20200608_liisa_pakosta__naistele_ks_palk_ja_meestele_teine,0,F,24.0745,kaassõnad,63,0.0216918992807212
20200730_heitlus_20ndates_podcast__osa_1_uus_algus,1,M,1.8601666666666663,kaassõnad,2,0.0005711903034734
20200730_heitlus_20ndates_podcast__osa_1_uus_algus,2,M,7.367333333333335,kaassõnad,10,0.002855951517367
20200730_heitlus_20ndates_podcast__osa_1_uus_algus,3,M,4.040999999999999,kaassõnad,4,0.0011423806069468
20200730_heitlus_20ndates_podcast__osa_1_uus_algus,6,M,0.8121666666666669,kaassõnad,2,0.0005711903034734
20200807_heitlus_20ndates_podcast__osa_2_gmnaasiumiaja_raskused,1,M,5.0169999999999995,kaassõnad,4,0.0011423806069468
20200807_heitlus_20ndates_podcast__osa_2_gmnaasiumiaja_raskused,3,M,3.306666666666667,kaassõnad,8,0.0022847612138936
20200807_heitlus_20ndates_podcast__osa_2_gmnaasiumiaja_raskused,4,M,2.881,kaassõnad,7,0.0019991660621569
20200807_heitlus_20ndates_podcast__osa_2_gmnaasiumiaja_raskused,5,M,1.4393333333333336,kaassõnad,5,0.0014279757586835
20200807_heitlus_20ndates_podcast__osa_2_gmnaasiumiaja_raskused,6,M,3.2041666666666684,kaassõnad,2,0.0005711903034734
20200826_riina_solman_ja_liina_kersna_roosast_kleidist_ja_riigi_vrikusest,0,F,32.030833333333334,kaassõnad,100,0.0344315861598761
20200826_riina_solman_ja_liina_kersna_roosast_kleidist_ja_riigi_vrikusest,1,F,5.349499999999996,kaassõnad,7,0.002410211031191
20200827_mailis_repsi_tabab_avameelsushoog,0,F,24.511333333333333,kaassõnad,58,0.0199703199727271
20200920_tt_terav_teema_068_20092020,2,M,1.489,kaassõnad,3,0.0008567854552101
20200920_tt_terav_teema_068_20092020,3,M,1.2746666666666668,kaassõnad,3,0.0008567854552101
20200920_tt_terav_teema_068_20092020,4,M,4.802666666666666,kaassõnad,5,0.0014279757586835
20200920_tt_terav_teema_068_20092020,7,M,7.873,kaassõnad,3,0.0008567854552101
20200920_tt_terav_teema_068_20092020,8,M,2.169000000000002,kaassõnad,4,0.0011423806069468
20200920_tt_terav_teema_068_20092020,9,M,4.212166666666667,kaassõnad,1,0.0002855951517367
20200920_tt_terav_teema_068_20092020,25,M,1.0681666666666692,kaassõnad,2,0.0005711903034734
20200920_tt_terav_teema_068_20092020,26,M,4.631333333333331,kaassõnad,18,0.0051407127312606
20200920_tt_terav_teema_068_20092020,28,M,4.697000000000003,kaassõnad,5,0.0014279757586835
20200920_tt_terav_teema_068_20092020,29,M,4.140166666666664,kaassõnad,6,0.0017135709104202
20200920_tt_terav_teema_068_20092020,32,M,8.332166666666664,kaassõnad,13,0.0037127369725771004
20200920_tt_terav_teema_068_20092020,38,M,6.420166666666668,kaassõnad,3,0.0008567854552101
20201108_juubel_75_075_08112020,3,M,16.409,kaassõnad,23,0.0065686884899441005
20201108_juubel_75_075_08112020,4,M,5.370666666666667,kaassõnad,7,0.0019991660621569
20201108_juubel_75_075_08112020,5,M,5.749833333333333,kaassõnad,6,0.0017135709104202
20201108_juubel_75_075_08112020,10,M,2.2346666666666652,kaassõnad,2,0.0005711903034734
20201108_juubel_75_075_08112020,11,M,19.655333333333335,kaassõnad,11,0.0031415466691037002
20201108_juubel_75_075_08112020,12,M,2.1673333333333327,kaassõnad,2,0.0005711903034734
20201108_juubel_75_075_08112020,26,M,2.933833333333337,kaassõnad,5,0.0014279757586835
20201108_juubel_75_075_08112020,27,M,0.8041666666666667,kaassõnad,1,0.0002855951517367
20201130_podcast_noorteaken_1__sissejuhatus,0,F,27.51133333333333,kaassõnad,41,0.014116950325547798
20201130_podcast_noorteaken_1__sissejuhatus,1,F,9.525833333333331,kaassõnad,11,0.0037874744775857998
20201203_webinar_kinnisvaramaakleri_karjri_alustamine,0,F,3.020166666666667,kaassõnad,6,0.0020658951695922997
20201203_webinar_kinnisvaramaakleri_karjri_alustamine,1,F,0.489,kaassõnad,1,0.0003443158615987
20201203_webinar_kinnisvaramaakleri_karjri_alustamine,3,F,0.7210000000000003,kaassõnad,1,0.0003443158615987
20201203_webinar_kinnisvaramaakleri_karjri_alustamine,4,F,3.9626666666666663,kaassõnad,11,0.0037874744775859
20201203_webinar_kinnisvaramaakleri_karjri_alustamine,5,F,0.5946666666666658,kaassõnad,1,0.0003443158615987
20201203_webinar_kinnisvaramaakleri_karjri_alustamine,7,F,2.413833333333334,kaassõnad,4,0.0013772634463948
20201203_webinar_kinnisvaramaakleri_karjri_alustamine,8,F,2.4106666666666663,kaassõnad,5,0.0017215793079934998
20201203_webinar_kinnisvaramaakleri_karjri_alustamine,10,F,2.0106666666666646,kaassõnad,2,0.0006886317231974
20201203_webinar_kinnisvaramaakleri_karjri_alustamine,11,F,4.733833333333333,kaassõnad,16,0.0055090537855797
20201203_webinar_kinnisvaramaakleri_karjri_alustamine,12,F,0.9626666666666666,kaassõnad,2,0.0006886317231974
20201203_webinar_kinnisvaramaakleri_karjri_alustamine,16,F,4.471333333333333,kaassõnad,10,0.0034431586159872
20201203_webinar_kinnisvaramaakleri_karjri_alustamine,17,F,1.3913333333333335,kaassõnad,3,0.0010329475847961
20201203_webinar_kinnisvaramaakleri_karjri_alustamine,18,F,0.8041666666666667,kaassõnad,2,0.0006886317231974
20201203_webinar_kinnisvaramaakleri_karjri_alustamine,19,F,1.000999999999999,kaassõnad,2,0.0006886317231974
20201203_webinar_kinnisvaramaakleri_karjri_alustamine,22,F,2.4281666666666677,kaassõnad,6,0.0020658951695924
20201213_podcast_noorteaken_2__kaasamine,1,F,1.1833333333333331,kaassõnad,2,0.0006886317231974
20201213_podcast_noorteaken_2__kaasamine,2,F,8.821833333333334,kaassõnad,14,0.0048204220623823
20201213_podcast_noorteaken_2__kaasamine,3,F,26.543333333333337,kaassõnad,43,0.014805582048745899
20201213_podcast_noorteaken_2__kaasamine,4,F,9.696999999999996,kaassõnad,16,0.0055090537855797
20201213_podcast_noorteaken_2__kaasamine,5,F,10.43616666666666,kaassõnad,21,0.0072306330935735
20201231_59_normaalse_elu_osa,1,M,1.3513333333333333,kaassõnad,4,0.0011423806069468
20201231_59_normaalse_elu_osa,3,M,7.0729999999999995,kaassõnad,17,0.0048551175795239
20201231_59_normaalse_elu_osa,4,M,1.037833333333333,kaassõnad,1,0.0002855951517367
20201231_59_normaalse_elu_osa,5,M,37.325833333333335,kaassõnad,72,0.0205628509250424
20201231_59_normaalse_elu_osa,6,M,13.087999999999996,kaassõnad,20,0.005711903034734
20210104_podcast_noorteaken_3__aktiivsus_vabatahtlik_t,2,F,28.132166666666667,kaassõnad,50,0.0172157930799376
20210104_podcast_noorteaken_3__aktiivsus_vabatahtlik_t,3,F,8.903333333333334,kaassõnad,9,0.0030988427543884997
20210106_irja_lutsar_mina_ei_ole_selle_valitsuse_ema,0,F,24.734166666666667,kaassõnad,60,0.020658951695925198
20210112_abielurefendum_vib_lpetada_riigikohtus_viitab_lle_madise,0,F,18.557333333333336,kaassõnad,27,0.009296528263165599
20210112_abielurefendum_vib_lpetada_riigikohtus_viitab_lle_madise,1,F,4.169000000000001,kaassõnad,6,0.0020658951695923
20210112_abielurefendum_vib_lpetada_riigikohtus_viitab_lle_madise,2,F,1.3129999999999995,kaassõnad,4,0.0013772634463948999
20210124_kiire_saade_086_24012021,2,M,4.213833333333333,kaassõnad,15,0.0042839272760505
20210124_kiire_saade_086_24012021,7,M,8.882666666666667,kaassõnad,8,0.0022847612138936
20210124_kiire_saade_086_24012021,9,M,2.5001666666666646,kaassõnad,8,0.0022847612138936
20210124_kiire_saade_086_24012021,10,M,2.572166666666669,kaassõnad,6,0.0017135709104202
20210124_kiire_saade_086_24012021,11,M,6.745000000000001,kaassõnad,15,0.0042839272760505
20210124_kiire_saade_086_24012021,21,M,2.4521666666666686,kaassõnad,6,0.0017135709104202
20210124_kiire_saade_086_24012021,24,M,3.221833333333332,kaassõnad,5,0.0014279757586835
20210124_kiire_saade_086_24012021,25,M,2.637833333333333,kaassõnad,4,0.0011423806069468
20210124_kiire_saade_086_24012021,26,M,2.6426666666666656,kaassõnad,1,0.0002855951517367
20210124_kiire_saade_086_24012021,36,M,4.922666666666669,kaassõnad,8,0.0022847612138936
20210124_kiire_saade_086_24012021,43,M,3.9481666666666646,kaassõnad,11,0.0031415466691037002
20210124_kiire_saade_086_24012021,44,M,9.336999999999996,kaassõnad,8,0.0022847612138936
20210131_klas_mc_olldaraba_bastadz_daraba_mob08731012021,2,M,1.017,kaassõnad,1,0.0002855951517367
20210131_klas_mc_olldaraba_bastadz_daraba_mob08731012021,3,M,20.593,kaassõnad,62,0.0177068994076754
20210131_klas_mc_olldaraba_bastadz_daraba_mob08731012021,5,M,20.441,kaassõnad,40,0.011423806069468
20210131_klas_mc_olldaraba_bastadz_daraba_mob08731012021,6,M,7.898666666666668,kaassõnad,8,0.0022847612138936
20210131_klas_mc_olldaraba_bastadz_daraba_mob08731012021,7,M,0.8810000000000021,kaassõnad,1,0.0002855951517367
20210131_klas_mc_olldaraba_bastadz_daraba_mob08731012021,9,M,2.737000000000004,kaassõnad,7,0.0019991660621569
20210131_klas_mc_olldaraba_bastadz_daraba_mob08731012021,10,M,0.905000000000003,kaassõnad,2,0.0005711903034734
20210131_klas_mc_olldaraba_bastadz_daraba_mob08731012021,11,M,3.49216666666667,kaassõnad,5,0.0014279757586835
20210131_klas_mc_olldaraba_bastadz_daraba_mob08731012021,12,M,1.35783333333333,kaassõnad,4,0.0011423806069468
20210201_keit_pentusrosimannus_autorollo_skandaalist,0,F,24.89816666666667,kaassõnad,73,0.025135057896709098
20210208_jutud_rohelises_stuudios_osa_1_hardo_adamson,1,M,2.393,kaassõnad,2,0.0005711903034734
20210208_jutud_rohelises_stuudios_osa_1_hardo_adamson,3,M,6.848999999999999,kaassõnad,15,0.0042839272760505
20210208_jutud_rohelises_stuudios_osa_1_hardo_adamson,4,M,5.677833333333333,kaassõnad,10,0.002855951517367
20210208_jutud_rohelises_stuudios_osa_1_hardo_adamson,5,M,7.338666666666668,kaassõnad,14,0.0039983321243138
20210208_jutud_rohelises_stuudios_osa_1_hardo_adamson,6,M,3.2169999999999996,kaassõnad,4,0.0011423806069468
20210208_jutud_rohelises_stuudios_osa_1_hardo_adamson,8,M,4.639333333333331,kaassõnad,9,0.0025703563656303
20210208_jutud_rohelises_stuudios_osa_1_hardo_adamson,9,M,6.332166666666671,kaassõnad,12,0.0034271418208404
20210208_jutud_rohelises_stuudios_osa_1_hardo_adamson,10,M,12.87616666666667,kaassõnad,33,0.009424640007311101
20210208_jutud_rohelises_stuudios_osa_1_hardo_adamson,11,M,0.5273333333333312,kaassõnad,1,0.0002855951517367
20210208_jutud_rohelises_stuudios_osa_1_hardo_adamson,12,M,4.0009999999999994,kaassõnad,5,0.0014279757586835
20210208_signe_riisalo_pikas_vaates_tuleb_kas_maksutus_vi_rnne,0,F,24.6205,kaassõnad,60,0.0206589516959245
20210220_podcast_noorteaken_4__vaimne_tervis,2,F,48.436166666666665,kaassõnad,107,0.0368417971910677
20210220_podcast_noorteaken_4__vaimne_tervis,3,F,0.2490000000000009,kaassõnad,1,0.0003443158615987
20210220_podcast_noorteaken_4__vaimne_tervis,4,F,37.53383333333333,kaassõnad,76,0.0261680054815051
20210305_podcast_noorteaken_5__anne_noortekeskus,1,F,26.269833333333334,kaassõnad,49,0.0168714772183385
20210313_episood_1_eesti_laul_aftekas__covidioodid,0,M,54.761,kaassõnad,150,0.0428392727605051
20210318_webinar_ettevtja_kinnisvararis,0,F,8.362666666666666,kaassõnad,18,0.0061976855087772
20210318_webinar_ettevtja_kinnisvararis,1,F,6.0778333333333325,kaassõnad,10,0.0034431586159872998
20210318_webinar_ettevtja_kinnisvararis,2,F,19.540166666666664,kaassõnad,43,0.0148055820487461
20210318_webinar_kinnisvaramaakleri_karjri_alustamine,0,F,25.348166666666668,kaassõnad,54,0.0185930565263324
20210318_webinar_kinnisvaramaakleri_karjri_alustamine,1,F,8.684166666666666,kaassõnad,18,0.0061976855087773
20210321_episood_2__prgitelevisioon,0,M,41.82983333333333,kaassõnad,131,0.0374129648775077
20210321_episood_2__prgitelevisioon,1,M,21.388166666666667,kaassõnad,69,0.0197060654698323
20210322_podcast_noorteaken_6__motivatsioon_eneseareng_ja_ajaplaneerimine,1,F,29.687333333333335,kaassõnad,92,0.031677059267086
20210404_episood_3_emoosekandid_ja_co2paraad,0,M,52.372166666666665,kaassõnad,167,0.047694390340028904
20210404_episood_3_emoosekandid_ja_co2paraad,1,M,1.8281666666666676,kaassõnad,7,0.0019991660621569
20210405_podcast_noorteaken_7__nipid_isolatsioonis_toimetulekuks_ja_tuleviku_plaanide_tegemiseks,2,F,4.281000000000001,kaassõnad,9,0.0030988427543884
20210405_podcast_noorteaken_7__nipid_isolatsioonis_toimetulekuks_ja_tuleviku_plaanide_tegemiseks,3,F,28.698666666666668,kaassõnad,63,0.021691899280721
20210413_episood_4_kas_vanasti_oli_muusika_parem,0,M,10.724166666666669,kaassõnad,20,0.005711903034734
20210413_episood_4_kas_vanasti_oli_muusika_parem,1,M,3.460166666666667,kaassõnad,10,0.002855951517367
20210413_episood_4_kas_vanasti_oli_muusika_parem,2,M,24.133833333333335,kaassõnad,65,0.0185636848628855
20210413_episood_4_kas_vanasti_oli_muusika_parem,3,M,17.469833333333334,kaassõnad,50,0.014279757586835
20210413_episood_4_kas_vanasti_oli_muusika_parem,4,M,12.370666666666663,kaassõnad,25,0.0071398787934175
20210413_episood_4_kas_vanasti_oli_muusika_parem,5,M,46.16899999999999,kaassõnad,101,0.028845110325406702
20210416_aprill_epikojas__ro_puuetega_inimeste_komitee_arvamus_eesti_olukorrast,2,M,11.751333333333331,kaassõnad,24,0.0068542836416808
20210416_jutud_rohelises_stuudios_osa_4_madis_mumm,1,M,27.033,kaassõnad,54,0.0154221381937818
20210416_jutud_rohelises_stuudios_osa_4_madis_mumm,2,M,8.717833333333333,kaassõnad,17,0.0048551175795239
20210416_jutud_rohelises_stuudios_osa_4_madis_mumm,3,M,0.55783333333333,kaassõnad,1,0.0002855951517367
20210416_jutud_rohelises_stuudios_osa_4_madis_mumm,4,M,10.882666666666667,kaassõnad,17,0.0048551175795239
20210416_jutud_rohelises_stuudios_osa_4_madis_mumm,5,M,17.14183333333333,kaassõnad,44,0.0125661866764148
20210416_webinar_hetkeseis_kinnisvaraturul,0,F,3.3459999999999996,kaassõnad,7,0.002410211031191
20210416_webinar_hetkeseis_kinnisvaraturul,1,F,2.117833333333333,kaassõnad,3,0.0010329475847961
20210416_webinar_hetkeseis_kinnisvaraturul,2,F,12.289000000000003,kaassõnad,22,0.007574948955172099
20210416_webinar_hetkeseis_kinnisvaraturul,3,F,3.132166666666668,kaassõnad,6,0.0020658951695922
20210416_webinar_hetkeseis_kinnisvaraturul,4,F,17.264666666666667,kaassõnad,39,0.0134283186023509
20210419_171_saade_elujutoetaja_kairi_kuha,2,F,20.404166666666665,kaassõnad,62,0.0213475834191223
20210419_171_saade_elujutoetaja_kairi_kuha,3,F,5.945000000000001,kaassõnad,14,0.0048204220623821
20210419_171_saade_elujutoetaja_kairi_kuha,4,F,6.745000000000001,kaassõnad,14,0.0048204220623824
20210419_171_saade_elujutoetaja_kairi_kuha,5,F,23.804166666666664,kaassõnad,49,0.016871477218338798
20210419_podcast_noorteaken_8__internetiturvalisus_kberkiusamine_ja_seksuaalne_vrkohtlemine,2,F,9.154666666666667,kaassõnad,19,0.0065420013703763
20210419_podcast_noorteaken_8__internetiturvalisus_kberkiusamine_ja_seksuaalne_vrkohtlemine,3,F,1.1241666666666654,kaassõnad,3,0.0010329475847962
20210419_podcast_noorteaken_8__internetiturvalisus_kberkiusamine_ja_seksuaalne_vrkohtlemine,4,F,21.924166666666668,kaassõnad,33,0.011362423432758399
20210422_episood_5_elu_surm_ja_kanade_lestus,0,M,83.633,kaassõnad,144,0.0411257018500849
20210502_sott_kihisev__korrrralik_jubileika_100_02052021,3,M,14.037833333333332,kaassõnad,30,0.008567854552101
20210502_sott_kihisev__korrrralik_jubileika_100_02052021,8,M,4.676166666666665,kaassõnad,3,0.0008567854552101
20210502_sott_kihisev__korrrralik_jubileika_100_02052021,15,M,2.897000000000003,kaassõnad,4,0.0011423806069468
20210502_sott_kihisev__korrrralik_jubileika_100_02052021,24,M,8.07616666666667,kaassõnad,12,0.0034271418208404
20210502_sott_kihisev__korrrralik_jubileika_100_02052021,25,M,5.610666666666672,kaassõnad,10,0.002855951517367
20210502_sott_kihisev__korrrralik_jubileika_100_02052021,28,M,2.6970000000000027,kaassõnad,5,0.0014279757586835
20210502_sott_kihisev__korrrralik_jubileika_100_02052021,46,M,5.829833333333332,kaassõnad,6,0.0017135709104202
20210502_sott_kihisev__korrrralik_jubileika_100_02052021,47,M,1.529000000000004,kaassõnad,1,0.0002855951517367
20210502_sott_kihisev__korrrralik_jubileika_100_02052021,48,M,3.2969999999999953,kaassõnad,1,0.0002855951517367
20210502_sott_kihisev__korrrralik_jubileika_100_02052021,49,M,9.256999999999984,kaassõnad,15,0.0042839272760505
20210502_sott_kihisev__korrrralik_jubileika_100_02052021,51,M,2.293833333333335,kaassõnad,8,0.0022847612138936
20210502_sott_kihisev__korrrralik_jubileika_100_02052021,53,M,12.34333333333334,kaassõnad,17,0.0048551175795239
20210502_sott_kihisev__korrrralik_jubileika_100_02052021,58,M,3.660166666666676,kaassõnad,10,0.002855951517367
20210502_sott_kihisev__korrrralik_jubileika_100_02052021,62,M,1.341833333333322,kaassõnad,1,0.0002855951517367
20210502_sott_kihisev__korrrralik_jubileika_100_02052021,65,M,3.0058333333333396,kaassõnad,4,0.0011423806069468
20210519_podcast_noorteaken_10__treening_toitumine_ning_tervis,1,F,4.666666666666667,kaassõnad,7,0.002410211031191
20210519_podcast_noorteaken_10__treening_toitumine_ning_tervis,2,F,1.3258333333333323,kaassõnad,5,0.0017215793079934998
20210519_podcast_noorteaken_10__treening_toitumine_ning_tervis,3,F,1.3066666666666673,kaassõnad,3,0.0010329475847961
20210519_podcast_noorteaken_10__treening_toitumine_ning_tervis,4,F,3.9178333333333337,kaassõnad,4,0.0013772634463948
20210519_podcast_noorteaken_10__treening_toitumine_ning_tervis,5,F,21.693833333333338,kaassõnad,57,0.0196260041111287
20210519_podcast_noorteaken_10__treening_toitumine_ning_tervis,6,F,7.120999999999996,kaassõnad,17,0.005853369647178299
20210531_kuna_it_on_levinud_igasse_eluvaldkonda_siis_on_itekspertidele_rakendust_kikjal,0,M,28.527333333333335,kaassõnad,72,0.0205628509250424
20210603_mida_peaksid_teadma_enne_kinnisvaraostu,0,F,33.215333333333334,kaassõnad,66,0.0227248468655182
20210603_mida_peaksid_teadma_enne_kinnisvaraostu,1,F,3.588166666666666,kaassõnad,8,0.0027545268927896
20210603_mida_peaksid_teadma_enne_kinnisvaraostu,2,F,2.291166666666671,kaassõnad,3,0.0010329475847961
20210614_14_mentorlusssteemi_loomine_organisatsioonis__stuudios_katri_jrine_ericsson_eesti_ja_tiiu_allikvee_fontes,0,F,1.9641666666666668,kaassõnad,3,0.0010329475847962
20210614_14_mentorlusssteemi_loomine_organisatsioonis__stuudios_katri_jrine_ericsson_eesti_ja_tiiu_allikvee_fontes,1,F,27.909833333333335,kaassõnad,45,0.015494213771942999
20210614_14_mentorlusssteemi_loomine_organisatsioonis__stuudios_katri_jrine_ericsson_eesti_ja_tiiu_allikvee_fontes,2,F,0.8041666666666667,kaassõnad,2,0.0006886317231974
20210614_erisaade_kommunismiohvrite_memoriaali_audiokirjeldus,0,M,14.166833333333331,kaassõnad,57,0.0162789236489919
20210614_erisaade_kommunismiohvrite_memoriaali_audiokirjeldus,1,M,1.836166666666666,kaassõnad,7,0.0019991660621569
20210614_podcast_noorteaken_11__noorteakna_esimene_hooaeg_on_lbi,2,F,1.0921666666666667,kaassõnad,2,0.0006886317231975
20210614_podcast_noorteaken_11__noorteakna_esimene_hooaeg_on_lbi,3,F,13.800833333333332,kaassõnad,38,0.0130840027407524
20210620_15_tandja_brnding__stuudios_ivi_aluoja_adven_ja_kristiina_kuuskme_fontes,0,F,3.260166666666667,kaassõnad,4,0.0013772634463948
20210620_15_tandja_brnding__stuudios_ivi_aluoja_adven_ja_kristiina_kuuskme_fontes,1,F,44.687333333333335,kaassõnad,71,0.0244464261735112
20210701_kuidas_mratakse_iget_mgihinda_kinnisvarale,0,F,25.375,kaassõnad,53,0.0182487406647339
20210727_arco_akadeemia_podcast_viljandi_maakonna_kinnisvaraturu_i_poolaasta_levaade,0,F,2.201,kaassõnad,4,0.0013772634463948999
20210727_arco_akadeemia_podcast_viljandi_maakonna_kinnisvaraturu_i_poolaasta_levaade,1,F,26.025333333333332,kaassõnad,61,0.0210032675575237
20210729_arco_akadeemia_podcast_kuidas_tsta_oma_kinnisvara_vrtust_lbi_kinnisvaralavastuse,0,F,31.861333333333334,kaassõnad,72,0.0247907420351109
20210819_augustikuu_epikojas__tagasi_likooli,1,M,14.396166666666666,kaassõnad,29,0.008282259400364301
20210824_kaja_kallas_mina_ekrega_valitsust_ei_moodusta,0,F,17.574833333333334,kaassõnad,26,0.0089522124015668
20210824_kaja_kallas_mina_ekrega_valitsust_ei_moodusta,1,F,14.570666666666666,kaassõnad,38,0.013084002740751999
20210824_kaja_kallas_mina_ekrega_valitsust_ei_moodusta,2,F,3.1930000000000027,kaassõnad,12,0.0041317903391847
20210827_arco_akadeemia_podcast__prnumaa_kinnisvaraturu_levaade,0,F,10.626666666666669,kaassõnad,24,0.0082635806783696
20210827_arco_akadeemia_podcast__prnumaa_kinnisvaraturu_levaade,1,F,10.880999999999998,kaassõnad,17,0.005853369647178299
20210827_arco_akadeemia_podcast__prnumaa_kinnisvaraturu_levaade,2,F,3.208999999999999,kaassõnad,8,0.0027545268927897998
20210827_arco_akadeemia_podcast__prnumaa_kinnisvaraturu_levaade,3,F,3.779333333333333,kaassõnad,5,0.0017215793079934998
20210908_liina_kersna_veerand_vanemaid_on_vaktsineerimise_vastu,0,F,25.0925,kaassõnad,57,0.0196260041111281
20210911_arco_akadeemia_podcast__lhv_panga_vaade_kinnisvaraturule,0,F,24.052833333333336,kaassõnad,58,0.0199703199727274
20210912_jlle_see_lart_119_12092021,1,M,0.6569999999999999,kaassõnad,3,0.0008567854552101
20210912_jlle_see_lart_119_12092021,2,M,5.1850000000000005,kaassõnad,10,0.002855951517367
20210912_jlle_see_lart_119_12092021,4,M,12.994666666666664,kaassõnad,16,0.0045695224277872
20210912_jlle_see_lart_119_12092021,6,M,8.991333333333333,kaassõnad,9,0.0025703563656303
20210912_jlle_see_lart_119_12092021,8,M,10.497000000000003,kaassõnad,21,0.0059974981864707
20210912_jlle_see_lart_119_12092021,12,M,1.800999999999999,kaassõnad,5,0.0014279757586835
20210912_jlle_see_lart_119_12092021,16,M,5.657000000000001,kaassõnad,12,0.0034271418208404
20210912_jlle_see_lart_119_12092021,17,M,0.8778333333333346,kaassõnad,2,0.0005711903034734
20210912_jlle_see_lart_119_12092021,21,M,10.868166666666667,kaassõnad,20,0.005711903034734
20210912_jlle_see_lart_119_12092021,22,M,1.712999999999996,kaassõnad,2,0.0005711903034734
20210912_jlle_see_lart_119_12092021,23,M,0.9273333333333312,kaassõnad,1,0.0002855951517367
20210912_jlle_see_lart_119_12092021,24,M,1.4233333333333424,kaassõnad,2,0.0005711903034734
20210927_61_cancel_cancel_cancel,3,M,3.401,kaassõnad,3,0.0008567854552101
20210927_61_cancel_cancel_cancel,4,M,2.7818333333333336,kaassõnad,8,0.0022847612138936
20210927_61_cancel_cancel_cancel,5,M,19.703333333333333,kaassõnad,50,0.014279757586835
20210927_61_cancel_cancel_cancel,6,M,0.7338333333333329,kaassõnad,1,0.0002855951517367
20210927_61_cancel_cancel_cancel,7,M,0.6186666666666648,kaassõnad,1,0.0002855951517367
20210927_61_cancel_cancel_cancel,9,M,10.928999999999997,kaassõnad,20,0.005711903034734
20210927_61_cancel_cancel_cancel,10,M,3.305000000000003,kaassõnad,5,0.0014279757586835
20210927_61_cancel_cancel_cancel,12,M,1.532166666666664,kaassõnad,2,0.0005711903034734
20210927_61_cancel_cancel_cancel,14,M,5.391333333333334,kaassõnad,10,0.002855951517367
20210927_61_cancel_cancel_cancel,15,M,2.3241666666666636,kaassõnad,5,0.0014279757586835
20210927_61_cancel_cancel_cancel,19,M,1.3818333333333386,kaassõnad,1,0.0002855951517367
20210928_bipolaarne_muusika_8,0,M,20.077333333333335,kaassõnad,56,0.0159933284972552
20210928_bipolaarne_muusika_8,1,M,40.22183333333333,kaassõnad,90,0.025703563656303
20210928_bipolaarne_muusika_8,3,M,1.908499999999996,kaassõnad,2,0.0005711903034734
20211018_234_spirituaalne_petaja_andrues_vana_vline_edu_on_sinu_sisemise_kpsuse_peegeldus,1,M,2.1978333333333335,kaassõnad,4,0.0011423806069468
20211018_234_spirituaalne_petaja_andrues_vana_vline_edu_on_sinu_sisemise_kpsuse_peegeldus,2,M,5.047333333333333,kaassõnad,16,0.0045695224277872
20211018_234_spirituaalne_petaja_andrues_vana_vline_edu_on_sinu_sisemise_kpsuse_peegeldus,3,M,7.541833333333333,kaassõnad,13,0.0037127369725771
20211018_234_spirituaalne_petaja_andrues_vana_vline_edu_on_sinu_sisemise_kpsuse_peegeldus,4,M,9.509833333333331,kaassõnad,28,0.0079966642486276
20211018_234_spirituaalne_petaja_andrues_vana_vline_edu_on_sinu_sisemise_kpsuse_peegeldus,5,M,10.847333333333337,kaassõnad,22,0.0062830933382074005
20211018_234_spirituaalne_petaja_andrues_vana_vline_edu_on_sinu_sisemise_kpsuse_peegeldus,6,M,8.425,kaassõnad,18,0.0051407127312606
20211018_234_spirituaalne_petaja_andrues_vana_vline_edu_on_sinu_sisemise_kpsuse_peegeldus,7,M,0.9161666666666708,kaassõnad,2,0.0005711903034734
20211018_234_spirituaalne_petaja_andrues_vana_vline_edu_on_sinu_sisemise_kpsuse_peegeldus,8,M,7.345000000000004,kaassõnad,11,0.0031415466691037002
20211018_234_spirituaalne_petaja_andrues_vana_vline_edu_on_sinu_sisemise_kpsuse_peegeldus,9,M,3.9369999999999967,kaassõnad,10,0.002855951517367
20211018_234_spirituaalne_petaja_andrues_vana_vline_edu_on_sinu_sisemise_kpsuse_peegeldus,10,M,11.049,kaassõnad,31,0.0088534497038377
20211018_234_spirituaalne_petaja_andrues_vana_vline_edu_on_sinu_sisemise_kpsuse_peegeldus,12,M,15.896999999999997,kaassõnad,53,0.0151365430420451
20211018_234_spirituaalne_petaja_andrues_vana_vline_edu_on_sinu_sisemise_kpsuse_peegeldus,13,M,8.61866666666668,kaassõnad,15,0.0042839272760505
20211018_234_spirituaalne_petaja_andrues_vana_vline_edu_on_sinu_sisemise_kpsuse_peegeldus,14,M,0.7370000000000042,kaassõnad,4,0.0011423806069468
20211018_234_spirituaalne_petaja_andrues_vana_vline_edu_on_sinu_sisemise_kpsuse_peegeldus,15,M,7.389833333333324,kaassõnad,22,0.0062830933382074
20211018_234_spirituaalne_petaja_andrues_vana_vline_edu_on_sinu_sisemise_kpsuse_peegeldus,17,M,0.319333333333346,kaassõnad,2,0.0005711903034734
20211018_234_spirituaalne_petaja_andrues_vana_vline_edu_on_sinu_sisemise_kpsuse_peegeldus,18,M,2.0730000000000017,kaassõnad,6,0.0017135709104202001
20211018_234_spirituaalne_petaja_andrues_vana_vline_edu_on_sinu_sisemise_kpsuse_peegeldus,19,M,1.237833333333341,kaassõnad,5,0.0014279757586835
20211018_234_spirituaalne_petaja_andrues_vana_vline_edu_on_sinu_sisemise_kpsuse_peegeldus,20,M,13.132166666666656,kaassõnad,36,0.0102814254625212
20211018_234_spirituaalne_petaja_andrues_vana_vline_edu_on_sinu_sisemise_kpsuse_peegeldus,21,M,0.0953333333333224,kaassõnad,1,0.0002855951517367
20211018_234_spirituaalne_petaja_andrues_vana_vline_edu_on_sinu_sisemise_kpsuse_peegeldus,22,M,2.9658333333333453,kaassõnad,5,0.0014279757586835
20211018_234_spirituaalne_petaja_andrues_vana_vline_edu_on_sinu_sisemise_kpsuse_peegeldus,23,M,2.269833333333342,kaassõnad,6,0.0017135709104202001
20211122_novembrikuu_eesti_puuetega_inimeste_kojas__sensationalstem_soomes,3,M,11.740166666666664,kaassõnad,14,0.0039983321243138
20211221_podcast_noorteaken_14__killu_kolsar_kes_on_arengutreener,1,F,2.3658333333333332,kaassõnad,6,0.0020658951695922
20211221_podcast_noorteaken_14__killu_kolsar_kes_on_arengutreener,2,F,34.03616666666667,kaassõnad,85,0.0292668482358952
20220104_mehed_ei_nuta_kontaveidi_fnnid_liialdasid_vehklejate_rappimisega_spordiaasta_suured_ksimused,0,M,6.2645,kaassõnad,9,0.0025703563656303
20220104_mehed_ei_nuta_kontaveidi_fnnid_liialdasid_vehklejate_rappimisega_spordiaasta_suured_ksimused,1,M,15.986666666666665,kaassõnad,42,0.0119949963729414
20220104_mehed_ei_nuta_kontaveidi_fnnid_liialdasid_vehklejate_rappimisega_spordiaasta_suured_ksimused,2,M,14.309833333333332,kaassõnad,25,0.0071398787934175
20220104_mehed_ei_nuta_kontaveidi_fnnid_liialdasid_vehklejate_rappimisega_spordiaasta_suured_ksimused,3,M,25.564166666666665,kaassõnad,39,0.0111382109177313
20220104_mehed_ei_nuta_kontaveidi_fnnid_liialdasid_vehklejate_rappimisega_spordiaasta_suured_ksimused,4,M,2.4730000000000016,kaassõnad,4,0.0011423806069468
20220104_mehed_ei_nuta_kontaveidi_fnnid_liialdasid_vehklejate_rappimisega_spordiaasta_suured_ksimused,5,M,5.981833333333339,kaassõnad,7,0.0019991660621569
20220106_239_marius_vahter_ja_sven_kabanen_mikrobioomi_olulisusest_detoksist_ja_probiootikumidest,2,M,1.049,kaassõnad,3,0.0008567854552101
20220106_239_marius_vahter_ja_sven_kabanen_mikrobioomi_olulisusest_detoksist_ja_probiootikumidest,6,M,0.2218333333333333,kaassõnad,1,0.0002855951517367
20220106_239_marius_vahter_ja_sven_kabanen_mikrobioomi_olulisusest_detoksist_ja_probiootikumidest,10,M,13.381833333333336,kaassõnad,52,0.0148509478903084
20220106_239_marius_vahter_ja_sven_kabanen_mikrobioomi_olulisusest_detoksist_ja_probiootikumidest,11,M,10.21866666666667,kaassõnad,24,0.006854283641680801
20220106_239_marius_vahter_ja_sven_kabanen_mikrobioomi_olulisusest_detoksist_ja_probiootikumidest,12,M,2.722666666666669,kaassõnad,11,0.0031415466691037002
20220106_239_marius_vahter_ja_sven_kabanen_mikrobioomi_olulisusest_detoksist_ja_probiootikumidest,13,M,0.975333333333333,kaassõnad,1,0.0002855951517367
20220106_239_marius_vahter_ja_sven_kabanen_mikrobioomi_olulisusest_detoksist_ja_probiootikumidest,15,M,4.221833333333328,kaassõnad,9,0.0025703563656303
20220106_239_marius_vahter_ja_sven_kabanen_mikrobioomi_olulisusest_detoksist_ja_probiootikumidest,16,M,8.25216666666667,kaassõnad,20,0.005711903034734
20220106_239_marius_vahter_ja_sven_kabanen_mikrobioomi_olulisusest_detoksist_ja_probiootikumidest,17,M,7.815333333333334,kaassõnad,15,0.0042839272760505
20220106_239_marius_vahter_ja_sven_kabanen_mikrobioomi_olulisusest_detoksist_ja_probiootikumidest,18,M,0.994666666666664,kaassõnad,6,0.0017135709104202
20220106_239_marius_vahter_ja_sven_kabanen_mikrobioomi_olulisusest_detoksist_ja_probiootikumidest,19,M,7.805833333333331,kaassõnad,9,0.0025703563656303
20220106_239_marius_vahter_ja_sven_kabanen_mikrobioomi_olulisusest_detoksist_ja_probiootikumidest,20,M,4.116166666666663,kaassõnad,6,0.0017135709104202
20220106_239_marius_vahter_ja_sven_kabanen_mikrobioomi_olulisusest_detoksist_ja_probiootikumidest,21,M,5.381833333333338,kaassõnad,8,0.0022847612138936
20220106_239_marius_vahter_ja_sven_kabanen_mikrobioomi_olulisusest_detoksist_ja_probiootikumidest,22,M,8.933833333333329,kaassõnad,18,0.0051407127312606
20220106_239_marius_vahter_ja_sven_kabanen_mikrobioomi_olulisusest_detoksist_ja_probiootikumidest,23,M,3.5753333333333406,kaassõnad,4,0.0011423806069468
20220106_239_marius_vahter_ja_sven_kabanen_mikrobioomi_olulisusest_detoksist_ja_probiootikumidest,24,M,7.124166666666664,kaassõnad,23,0.0065686884899441005
20220106_239_marius_vahter_ja_sven_kabanen_mikrobioomi_olulisusest_detoksist_ja_probiootikumidest,25,M,2.705000000000003,kaassõnad,7,0.0019991660621569
20220106_239_marius_vahter_ja_sven_kabanen_mikrobioomi_olulisusest_detoksist_ja_probiootikumidest,26,M,1.4521666666666684,kaassõnad,3,0.0008567854552101
20220106_239_marius_vahter_ja_sven_kabanen_mikrobioomi_olulisusest_detoksist_ja_probiootikumidest,27,M,12.972166666666665,kaassõnad,46,0.013137376979888201
20220106_239_marius_vahter_ja_sven_kabanen_mikrobioomi_olulisusest_detoksist_ja_probiootikumidest,28,M,1.7690000000000057,kaassõnad,5,0.0014279757586834999
20220106_239_marius_vahter_ja_sven_kabanen_mikrobioomi_olulisusest_detoksist_ja_probiootikumidest,29,M,2.1721666666666652,kaassõnad,1,0.0002855951517367
20220106_239_marius_vahter_ja_sven_kabanen_mikrobioomi_olulisusest_detoksist_ja_probiootikumidest,30,M,3.5978333333333317,kaassõnad,5,0.0014279757586835
20220106_239_marius_vahter_ja_sven_kabanen_mikrobioomi_olulisusest_detoksist_ja_probiootikumidest,31,M,12.477833333333336,kaassõnad,36,0.0102814254625212
20220114_2021_aasta_kokkuvte_epikoja_tegevjuhi_kohusetitjaga_tauno_asujaga,1,M,19.17216666666667,kaassõnad,43,0.0122805915246781
20220203_dr_annika_uue_dr_aime_keis_kukkumise_traumadest_ja_emo_igapevasest_tst,0,F,23.404166666666665,kaassõnad,101,0.0347759020214747
20220204_tahad_elada_oma_unistuste_elu_need_kaks_naist_aitavad_sul_seda_saavutada,1,F,40.18816666666667,kaassõnad,68,0.023413478588715498
20220206_kollektiivne_katk_14006022022,2,M,14.377,kaassõnad,25,0.0071398787934175
20220206_kollektiivne_katk_14006022022,6,M,15.423333333333334,kaassõnad,28,0.0079966642486276
20220206_kollektiivne_katk_14006022022,12,M,0.8713333333333328,kaassõnad,1,0.0002855951517367
20220206_kollektiivne_katk_14006022022,16,M,0.8841666666666659,kaassõnad,4,0.0011423806069468
20220206_kollektiivne_katk_14006022022,18,M,40.13216666666667,kaassõnad,72,0.0205628509250424
20220206_kollektiivne_katk_14006022022,26,M,13.609,kaassõnad,14,0.0039983321243138
20220206_kollektiivne_katk_14006022022,28,M,1.3178333333333436,kaassõnad,4,0.0011423806069468
20220206_kollektiivne_katk_14006022022,29,M,1.944999999999997,kaassõnad,9,0.0025703563656303
20220216_kristina_kallas_eesti_200_ei_tegele_kersti_kaljulaiu_teemaga,0,F,20.730666666666668,kaassõnad,73,0.0251350578967093
20220217_jrvamaa_ja_viljandimaa_kinnisvaraturu_levaade_ja_prognoos,0,F,1.5561666666666667,kaassõnad,2,0.0006886317231974
20220217_jrvamaa_ja_viljandimaa_kinnisvaraturu_levaade_ja_prognoos,1,F,3.164166666666666,kaassõnad,4,0.0013772634463948
20220217_jrvamaa_ja_viljandimaa_kinnisvaraturu_levaade_ja_prognoos,2,F,4.681,kaassõnad,8,0.0027545268927897
20220217_jrvamaa_ja_viljandimaa_kinnisvaraturu_levaade_ja_prognoos,3,F,21.296,kaassõnad,39,0.0134283186023505
20220220_podcast_noorteaken_15__anett_mnniste_tasuta_vlismaale,2,F,32.540166666666664,kaassõnad,78,0.0268566372047031
20220222_annely_soots_tervislikust_ja_tisvrtuslikust_toitumisest,0,F,26.673,kaassõnad,42,0.0144612661871472
20220223_kersti_kaljulaid_kas_mu_silmad_plevad_vimujanust,0,F,25.137,kaassõnad,74,0.0254793737583081
20220304_prnumaa_ja_saarte_kinnisvaraturulevaade,0,F,11.884166666666667,kaassõnad,19,0.006542001370376
20220304_prnumaa_ja_saarte_kinnisvaraturulevaade,1,F,1.7738333333333325,kaassõnad,2,0.0006886317231974
20220304_prnumaa_ja_saarte_kinnisvaraturulevaade,2,F,2.0890000000000004,kaassõnad,3,0.0010329475847961
20220304_prnumaa_ja_saarte_kinnisvaraturulevaade,3,F,2.402666666666668,kaassõnad,6,0.0020658951695923
20220304_prnumaa_ja_saarte_kinnisvaraturulevaade,4,F,2.991333333333334,kaassõnad,8,0.0027545268927897
20220304_prnumaa_ja_saarte_kinnisvaraturulevaade,5,F,0.3770000000000019,kaassõnad,1,0.0003443158615987
20220304_prnumaa_ja_saarte_kinnisvaraturulevaade,6,F,0.7833333333333333,kaassõnad,2,0.0006886317231974
20220304_prnumaa_ja_saarte_kinnisvaraturulevaade,7,F,0.5978333333333316,kaassõnad,1,0.0003443158615987
20220304_prnumaa_ja_saarte_kinnisvaraturulevaade,8,F,1.7978333333333316,kaassõnad,3,0.0010329475847962
20220304_prnumaa_ja_saarte_kinnisvaraturulevaade,9,F,2.7665,kaassõnad,8,0.0027545268927897
20220306_podcast_noorteaken_16__eva_maria_hanson_eluks_valmis,2,F,27.668166666666668,kaassõnad,66,0.0227248468655177
20220308_sodiaagisosinad_07031303_tundekllane_ndalalpp_loob_unenolise_atmosfri,0,F,17.593000000000004,kaassõnad,32,0.0110181075711599
20220308_sodiaagisosinad_07031303_tundekllane_ndalalpp_loob_unenolise_atmosfri,1,F,3.3610000000000015,kaassõnad,3,0.0010329475847961
20220308_sodiaagisosinad_07031303_tundekllane_ndalalpp_loob_unenolise_atmosfri,2,F,15.383333333333333,kaassõnad,23,0.0079192648167709
20220308_sodiaagisosinad_07031303_tundekllane_ndalalpp_loob_unenolise_atmosfri,4,F,2.3818333333333386,kaassõnad,5,0.0017215793079937
