episode_id,section_index,gender,minutes,sõnaliik,raw_count,freq_per_60_min
20190101_mehed_ei_nuta_suur_uusaastasaade_absoluutne_tde_ehk_eelmise_spordiaasta_top25_edetabel,1,M,6.895333333333334,omadussõnad,49,426.3753263076477
20190101_mehed_ei_nuta_suur_uusaastasaade_absoluutne_tde_ehk_eelmise_spordiaasta_top25_edetabel,2,M,38.38016666666667,omadussõnad,223,348.61755854803476
20190101_mehed_ei_nuta_suur_uusaastasaade_absoluutne_tde_ehk_eelmise_spordiaasta_top25_edetabel,3,M,1.4586666666666663,omadussõnad,7,287.9341864716637
20190101_mehed_ei_nuta_suur_uusaastasaade_absoluutne_tde_ehk_eelmise_spordiaasta_top25_edetabel,4,M,70.77066666666666,omadussõnad,403,341.66698066995747
20190101_mehed_ei_nuta_suur_uusaastasaade_absoluutne_tde_ehk_eelmise_spordiaasta_top25_edetabel,5,M,0.919333333333346,omadussõnad,11,717.9115300942614
20190101_mehed_ei_nuta_suur_uusaastasaade_absoluutne_tde_ehk_eelmise_spordiaasta_top25_edetabel,6,M,0.2809999999999945,omadussõnad,2,427.04626334520407
20190102_58_saade__ajurveeda_edendaja_kaja_keil,0,F,43.91566666666667,omadussõnad,288,393.48144549781017
20190102_esialgu_nimeta_podcast_ep_2,0,M,1.714,omadussõnad,2,70.01166861143524
20190102_esialgu_nimeta_podcast_ep_2,1,M,1.777,omadussõnad,14,472.7068092290376
20190102_esialgu_nimeta_podcast_ep_2,3,M,1.5433333333333337,omadussõnad,5,194.3844492440604
20190102_esialgu_nimeta_podcast_ep_2,5,M,2.9161666666666664,omadussõnad,10,205.74955706692577
20190102_esialgu_nimeta_podcast_ep_2,6,M,0.2553333333333332,omadussõnad,1,234.98694516971287
20190102_esialgu_nimeta_podcast_ep_2,7,M,0.0793333333333341,omadussõnad,1,756.3025210083957
20190102_esialgu_nimeta_podcast_ep_2,12,M,13.065,omadussõnad,74,339.83926521239954
20190102_esialgu_nimeta_podcast_ep_2,13,M,14.116166666666665,omadussõnad,56,238.0249595617319
20190102_esialgu_nimeta_podcast_ep_2,14,M,2.2681666666666613,omadussõnad,9,238.07774267029225
20190102_esialgu_nimeta_podcast_ep_2,15,M,5.465000000000002,omadussõnad,31,340.3476669716376
20190102_esialgu_nimeta_podcast_ep_2,16,M,1.425,omadussõnad,9,378.9473684210526
20190102_esialgu_nimeta_podcast_ep_2,17,M,1.8841666666666697,omadussõnad,12,382.13180008845586
20190102_esialgu_nimeta_podcast_ep_2,18,M,1.5386666666666693,omadussõnad,9,350.9532062391675
20190102_esialgu_nimeta_podcast_ep_2,19,M,1.600999999999999,omadussõnad,10,374.7657713928796
20190102_esialgu_nimeta_podcast_ep_2,21,M,0.117833333333336,omadussõnad,1,509.19377652049735
20190102_esialgu_nimeta_podcast_ep_2,23,M,1.2426666666666657,omadussõnad,8,386.2660944206011
20190102_esialgu_nimeta_podcast_ep_2,24,M,0.0433333333333318,omadussõnad,1,1384.6153846154332
20190102_esialgu_nimeta_podcast_ep_4,0,M,4.7108333333333325,omadussõnad,32,407.5712011321423
20190102_esialgu_nimeta_podcast_ep_4,1,M,5.327333333333334,omadussõnad,33,371.66812664247277
20190102_esialgu_nimeta_podcast_ep_4,2,M,37.60733333333334,omadussõnad,227,362.1634078459874
20190102_esialgu_nimeta_podcast_ep_4,3,M,5.818666666666664,omadussõnad,36,371.21906507791033
20190102_esialgu_nimeta_podcast_ep_4,4,M,4.514666666666669,omadussõnad,21,279.090372120496
20190108_mehed_ei_nuta_aasta_suured_ksimused__kas_tnak_vidab_tiitli_kas_kirt_viskab_90_meetrit,1,M,24.004166666666663,omadussõnad,161,402.4301336573511
20190108_mehed_ei_nuta_aasta_suured_ksimused__kas_tnak_vidab_tiitli_kas_kirt_viskab_90_meetrit,2,M,21.29866666666667,omadussõnad,140,394.3908851884311
20190108_mehed_ei_nuta_aasta_suured_ksimused__kas_tnak_vidab_tiitli_kas_kirt_viskab_90_meetrit,3,M,4.30016666666667,omadussõnad,20,279.0589512034415
20190108_mehed_ei_nuta_aasta_suured_ksimused__kas_tnak_vidab_tiitli_kas_kirt_viskab_90_meetrit,4,M,5.474666666666667,omadussõnad,26,284.94885533365806
20190108_mehed_ei_nuta_aasta_suured_ksimused__kas_tnak_vidab_tiitli_kas_kirt_viskab_90_meetrit,5,M,20.710666666666665,omadussõnad,123,356.33811884375206
20190109_59_saade__astroloog_taimi_uuesoo_tutvustab_meile_13_thtkuju,0,F,0.9045,omadussõnad,6,398.0099502487561
20190109_59_saade__astroloog_taimi_uuesoo_tutvustab_meile_13_thtkuju,1,F,41.34983333333333,omadussõnad,290,420.79976138557595
20190115_mehed_ei_nuta_kas_ott_tnak_peaks_olema_aeglasem_kas_lati_alt_jooksis_kullame_vi_klubi_omanik,1,M,4.868166666666666,omadussõnad,27,332.774144955322
20190115_mehed_ei_nuta_kas_ott_tnak_peaks_olema_aeglasem_kas_lati_alt_jooksis_kullame_vi_klubi_omanik,2,M,14.613833333333332,omadussõnad,101,414.6755927602842
20190115_mehed_ei_nuta_kas_ott_tnak_peaks_olema_aeglasem_kas_lati_alt_jooksis_kullame_vi_klubi_omanik,3,M,8.922666666666665,omadussõnad,52,349.67124925283935
20190115_mehed_ei_nuta_kas_ott_tnak_peaks_olema_aeglasem_kas_lati_alt_jooksis_kullame_vi_klubi_omanik,5,M,8.005833333333332,omadussõnad,43,322.2650150931613
20190115_mehed_ei_nuta_kas_ott_tnak_peaks_olema_aeglasem_kas_lati_alt_jooksis_kullame_vi_klubi_omanik,6,M,20.665000000000003,omadussõnad,119,345.5117348173239
20190115_mehed_ei_nuta_kas_ott_tnak_peaks_olema_aeglasem_kas_lati_alt_jooksis_kullame_vi_klubi_omanik,7,M,1.978666666666671,omadussõnad,13,394.2048517520207
20190115_mehed_ei_nuta_kas_ott_tnak_peaks_olema_aeglasem_kas_lati_alt_jooksis_kullame_vi_klubi_omanik,8,M,5.863333333333336,omadussõnad,39,399.0903922683341
20190117_61_saade__veedatar_alexis_varnum_aitab_sul_leida_endale_ideaalse_maailma,0,F,41.64533333333333,omadussõnad,214,308.31785874367677
20190204_63_saade__niad_helve_ja_liina_soovitavad_armastust_maagiaga_mitte_meelitada,0,F,36.162,omadussõnad,225,373.3200597312096
20190204_63_saade__niad_helve_ja_liina_soovitavad_armastust_maagiaga_mitte_meelitada,1,F,6.474666666666667,omadussõnad,47,435.5436573311368
20190307_67_saade_rgime_kogukonnast_kus_kik_mehed_on_naistele_truud,0,F,1.546,omadussõnad,4,155.23932729624838
20190307_67_saade_rgime_kogukonnast_kus_kik_mehed_on_naistele_truud,1,F,5.028166666666667,omadussõnad,21,250.5883522821439
20190307_67_saade_rgime_kogukonnast_kus_kik_mehed_on_naistele_truud,3,F,12.514666666666669,omadussõnad,55,263.69060302578305
20190307_67_saade_rgime_kogukonnast_kus_kik_mehed_on_naistele_truud,4,F,13.447333333333331,omadussõnad,52,232.0162609687175
20190307_67_saade_rgime_kogukonnast_kus_kik_mehed_on_naistele_truud,6,F,6.178666666666663,omadussõnad,29,281.61415623651294
20190408_68_saade__hingamisterapeudid_annavad_npuniteid_kuidas_end_terveks_ja_nnelikuks_hingata,0,F,39.77,omadussõnad,240,362.0819713351773
20190408_68_saade__hingamisterapeudid_annavad_npuniteid_kuidas_end_terveks_ja_nnelikuks_hingata,1,F,2.1498333333333295,omadussõnad,17,474.45538413830616
20190408_71_saade__klas_kis_veider_kerglane_hullumeelne_ja_leldse_defineerimatu_kaidi_karilaid,0,F,7.418,omadussõnad,41,331.6257751415476
20190408_71_saade__klas_kis_veider_kerglane_hullumeelne_ja_leldse_defineerimatu_kaidi_karilaid,1,F,8.890666666666668,omadussõnad,50,337.4325134973005
20190408_71_saade__klas_kis_veider_kerglane_hullumeelne_ja_leldse_defineerimatu_kaidi_karilaid,2,F,11.229833333333334,omadussõnad,76,406.061235696582
20190408_71_saade__klas_kis_veider_kerglane_hullumeelne_ja_leldse_defineerimatu_kaidi_karilaid,3,F,0.1481666666666645,omadussõnad,1,404.9493813273399
20190408_71_saade__klas_kis_veider_kerglane_hullumeelne_ja_leldse_defineerimatu_kaidi_karilaid,4,F,3.7001666666666666,omadussõnad,14,227.01680104499798
20190408_71_saade__klas_kis_veider_kerglane_hullumeelne_ja_leldse_defineerimatu_kaidi_karilaid,5,F,12.764166666666664,omadussõnad,97,455.96396161128166
20190417_73_saade__risti_nia_maagilised_vlusnumid_rasketeks_hetkedeks,0,F,2.8245,omadussõnad,24,509.8247477429634
20190417_73_saade__risti_nia_maagilised_vlusnumid_rasketeks_hetkedeks,1,F,12.842666666666668,omadussõnad,78,364.4102990033222
20190417_73_saade__risti_nia_maagilised_vlusnumid_rasketeks_hetkedeks,2,F,4.082666666666667,omadussõnad,14,205.7478772044415
20190417_73_saade__risti_nia_maagilised_vlusnumid_rasketeks_hetkedeks,3,F,0.6106666666666684,omadussõnad,1,98.25327510917003
20190417_73_saade__risti_nia_maagilised_vlusnumid_rasketeks_hetkedeks,4,F,22.668166666666664,omadussõnad,145,383.7981310060364
20190823_90_saade__hundiuurija_laura_kiiroja_arutleb_kas_eestlased_vrivad_oma_rahvuslooma,0,F,9.627666666666666,omadussõnad,57,355.22625766021537
20190823_90_saade__hundiuurija_laura_kiiroja_arutleb_kas_eestlased_vrivad_oma_rahvuslooma,1,F,23.29866666666667,omadussõnad,133,342.5088703216207
20190823_90_saade__hundiuurija_laura_kiiroja_arutleb_kas_eestlased_vrivad_oma_rahvuslooma,2,F,6.433000000000004,omadussõnad,43,401.0570495880613
20190823_90_saade__hundiuurija_laura_kiiroja_arutleb_kas_eestlased_vrivad_oma_rahvuslooma,3,F,3.386666666666671,omadussõnad,22,389.76377952755854
20190904_bipolaarne_vandenud_1,0,M,10.242,omadussõnad,58,339.77738722905684
20190904_bipolaarne_vandenud_1,1,M,19.144999999999996,omadussõnad,84,263.2541133455211
20190904_bipolaarne_vandenud_1,2,M,1.5081666666666669,omadussõnad,3,119.35020444247982
20190904_bipolaarne_vandenud_1,3,M,23.900166666666664,omadussõnad,107,268.6173736584822
20190904_bipolaarne_vandenud_1,4,M,1.1146666666666685,omadussõnad,7,376.79425837320514
20190904_bipolaarne_vandenud_1,5,M,1.8810000000000024,omadussõnad,16,510.3668261562992
20190904_bipolaarne_vandenud_1,6,M,0.4906666666666676,omadussõnad,2,244.56521739130383
20190904_bipolaarne_vandenud_1,7,M,5.0089999999999995,omadussõnad,35,419.2453583549611
20190908_bipolaarne_armastus_2,0,M,21.2325,omadussõnad,112,316.49593783115506
20190908_bipolaarne_armastus_2,1,M,0.9193333333333348,omadussõnad,8,522.1174764321966
20190908_bipolaarne_armastus_2,2,M,20.148166666666665,omadussõnad,120,357.3526127273781
20190908_bipolaarne_armastus_2,3,M,4.2330000000000005,omadussõnad,30,425.2303330970942
20190908_bipolaarne_armastus_2,4,M,3.4393333333333356,omadussõnad,21,366.350067842605
20191223_arcopod_s1e1_leanika_2019,0,F,45.16716666666667,omadussõnad,221,293.5760858735881
20200105_episood_47__vilkurid_ja_lennukid,0,M,0.3668333333333333,omadussõnad,5,817.810086324398
20200105_episood_47__vilkurid_ja_lennukid,1,M,7.962666666666666,omadussõnad,17,128.09778968519757
20200105_episood_47__vilkurid_ja_lennukid,2,M,0.4921666666666662,omadussõnad,2,243.81984422621085
20200105_episood_47__vilkurid_ja_lennukid,3,M,4.665,omadussõnad,19,244.37299035369773
20200105_episood_47__vilkurid_ja_lennukid,4,M,1.0666666666666669,omadussõnad,5,281.25
20200105_episood_47__vilkurid_ja_lennukid,5,M,0.7913333333333337,omadussõnad,8,606.571187868576
20200105_episood_47__vilkurid_ja_lennukid,6,M,5.688999999999998,omadussõnad,28,295.30673229038507
20200105_episood_47__vilkurid_ja_lennukid,7,M,0.4138333333333321,omadussõnad,1,144.98590414820825
20200105_episood_47__vilkurid_ja_lennukid,8,M,17.665000000000003,omadussõnad,69,234.36173223889045
20200105_episood_47__vilkurid_ja_lennukid,9,M,2.5386666666666695,omadussõnad,16,378.1512605042012
20200105_episood_47__vilkurid_ja_lennukid,10,M,2.975333333333333,omadussõnad,15,302.4871162894914
20200105_episood_47__vilkurid_ja_lennukid,11,M,9.482666666666669,omadussõnad,43,272.07536557930257
20200105_episood_47__vilkurid_ja_lennukid,12,M,5.412166666666667,omadussõnad,18,199.55039571336187
20200105_episood_47__vilkurid_ja_lennukid,13,M,0.520999999999996,omadussõnad,2,230.3262955854144
20200105_episood_47__vilkurid_ja_lennukid,14,M,0.5689999999999978,omadussõnad,4,421.7926186291756
20200105_episood_47__vilkurid_ja_lennukid,15,M,1.1386666666666618,omadussõnad,4,210.7728337236543
20200105_episood_47__vilkurid_ja_lennukid,18,M,0.8281666666666676,omadussõnad,6,434.6951096800156
20200105_episood_47__vilkurid_ja_lennukid,19,M,0.2906666666666676,omadussõnad,1,206.42201834862323
20200105_episood_47__vilkurid_ja_lennukid,20,M,5.591333333333334,omadussõnad,23,246.81054012161675
20200105_episood_47__vilkurid_ja_lennukid,21,M,7.128999999999996,omadussõnad,32,269.322485622107
20200105_episood_47__vilkurid_ja_lennukid,22,M,2.0489999999999933,omadussõnad,6,175.69546120058624
20200105_episood_47__vilkurid_ja_lennukid,24,M,0.4953333333333375,omadussõnad,2,242.26110363391447
20200105_episood_47__vilkurid_ja_lennukid,25,M,2.0073333333333268,omadussõnad,9,269.0136167386259
20200105_episood_47__vilkurid_ja_lennukid,26,M,1.9721666666666655,omadussõnad,8,243.38713766584985
20200105_episood_47__vilkurid_ja_lennukid,27,M,2.711333333333338,omadussõnad,14,309.8106712564539
20200105_episood_47__vilkurid_ja_lennukid,28,M,7.664999999999994,omadussõnad,35,273.97260273972626
20200105_episood_47__vilkurid_ja_lennukid,29,M,2.898666666666668,omadussõnad,12,248.39006439742397
20200105_episood_47__vilkurid_ja_lennukid,30,M,2.0393333333333277,omadussõnad,5,147.1068976789805
20200105_episood_47__vilkurid_ja_lennukid,31,M,2.5273333333333388,omadussõnad,5,118.7021893959375
20200105_episood_47__vilkurid_ja_lennukid,32,M,3.098666666666668,omadussõnad,8,154.90533562822714
20200105_episood_47__vilkurid_ja_lennukid,33,M,1.641000000000001,omadussõnad,10,365.6307129798902
20200105_episood_47__vilkurid_ja_lennukid,34,M,1.0073333333333268,omadussõnad,4,238.25281270681822
20200105_episood_47__vilkurid_ja_lennukid,36,M,2.4009999999999914,omadussõnad,7,174.92711370262452
20200105_episood_47__vilkurid_ja_lennukid,37,M,2.1353333333333313,omadussõnad,5,140.49328754292864
20200105_saaga_jtkub_20__040_05012020,4,M,2.393,omadussõnad,17,426.24320936063515
20200105_saaga_jtkub_20__040_05012020,13,M,0.7449999999999998,omadussõnad,5,402.68456375838946
20200105_saaga_jtkub_20__040_05012020,15,M,0.8698333333333333,omadussõnad,5,344.8936577888485
20200105_saaga_jtkub_20__040_05012020,16,M,1.818666666666668,omadussõnad,15,494.8680351906155
20200105_saaga_jtkub_20__040_05012020,19,M,4.261833333333334,omadussõnad,14,197.09827539009035
20200105_saaga_jtkub_20__040_05012020,22,M,1.850666666666666,omadussõnad,11,356.6282420749281
20200105_saaga_jtkub_20__040_05012020,23,M,1.588166666666666,omadussõnad,12,453.352922657152
20200105_saaga_jtkub_20__040_05012020,25,M,2.183333333333333,omadussõnad,34,934.3511450381679
20200105_saaga_jtkub_20__040_05012020,27,M,0.5481666666666646,omadussõnad,3,328.36728488902526
20200105_saaga_jtkub_20__040_05012020,28,M,4.0426666666666655,omadussõnad,11,163.25857519788923
20200105_saaga_jtkub_20__040_05012020,30,M,4.597833333333331,omadussõnad,15,195.74437234929505
20200105_saaga_jtkub_20__040_05012020,33,M,1.6570000000000011,omadussõnad,10,362.10018105009027
20200105_saaga_jtkub_20__040_05012020,53,M,0.7673333333333328,omadussõnad,4,312.7715030408343
20200105_saaga_jtkub_20__040_05012020,76,M,3.2906666666666675,omadussõnad,24,437.6012965964343
20200105_saaga_jtkub_20__040_05012020,95,M,2.161000000000006,omadussõnad,11,305.41416011105895
20200105_saaga_jtkub_20__040_05012020,96,M,0.7833333333333333,omadussõnad,7,536.1702127659574
20200105_saaga_jtkub_20__040_05012020,98,M,0.7513333333333321,omadussõnad,5,399.29015084294656
20200105_saaga_jtkub_20__040_05012020,99,M,0.1513333333333321,omadussõnad,1,396.4757709251133
20200105_saaga_jtkub_20__040_05012020,100,M,0.1801666666666657,omadussõnad,1,333.0249768732672
20200105_saaga_jtkub_20__040_05012020,101,M,0.050666666666666,omadussõnad,1,1184.2105263158037
20200105_saaga_jtkub_20__040_05012020,102,M,0.0906666666666675,omadussõnad,2,1323.5294117646927
20200105_saaga_jtkub_20__040_05012020,103,M,0.1481666666666645,omadussõnad,1,404.9493813273399
20200105_saaga_jtkub_20__040_05012020,104,M,0.2778333333333345,omadussõnad,2,431.9136172765427
20200105_saaga_jtkub_20__040_05012020,105,M,1.8586666666666665,omadussõnad,6,193.68723098995696
20200105_saaga_jtkub_20__040_05012020,118,M,1.978666666666671,omadussõnad,13,394.2048517520207
20200112_kekkonenis_takeover__041_12012020,4,M,2.353,omadussõnad,10,254.99362515937096
20200112_kekkonenis_takeover__041_12012020,6,M,1.5578333333333334,omadussõnad,5,192.5751578046432
20200112_kekkonenis_takeover__041_12012020,7,M,5.909833333333334,omadussõnad,15,152.28855861699424
20200112_kekkonenis_takeover__041_12012020,9,M,0.5913333333333336,omadussõnad,1,101.46561443066513
20200112_kekkonenis_takeover__041_12012020,13,M,0.2090000000000013,omadussõnad,2,574.1626794258337
20200112_kekkonenis_takeover__041_12012020,19,M,0.898666666666666,omadussõnad,5,333.82789317507445
20200112_kekkonenis_takeover__041_12012020,30,M,1.6538333333333337,omadussõnad,10,362.79351002720944
20200112_kekkonenis_takeover__041_12012020,51,M,2.367333333333333,omadussõnad,18,456.2095184455084
20200112_kekkonenis_takeover__041_12012020,55,M,0.0666666666666666,omadussõnad,3,2700.0
20200112_kekkonenis_takeover__041_12012020,56,M,1.1113333333333306,omadussõnad,5,269.9460107978411
20200112_kekkonenis_takeover__041_12012020,59,M,0.3209999999999998,omadussõnad,2,373.8317757009348
20200112_kekkonenis_takeover__041_12012020,64,M,0.2410000000000006,omadussõnad,1,248.96265560165912
20200112_kekkonenis_takeover__041_12012020,65,M,0.1161666666666671,omadussõnad,1,516.4992826398832
20200112_kekkonenis_takeover__041_12012020,66,M,0.1306666666666691,omadussõnad,1,459.1836734693792
20200112_kekkonenis_takeover__041_12012020,68,M,0.1578333333333338,omadussõnad,2,760.2956705385404
20200112_kekkonenis_takeover__041_12012020,69,M,3.1498333333333375,omadussõnad,12,228.58352293772123
20200112_kekkonenis_takeover__041_12012020,90,M,2.1129999999999955,omadussõnad,19,539.5172740179851
20200112_kekkonenis_takeover__041_12012020,101,M,1.485833333333335,omadussõnad,5,201.90689848569806
20200112_kekkonenis_takeover__041_12012020,105,M,0.1321666666666639,omadussõnad,2,907.9445145019104
20200112_kekkonenis_takeover__041_12012020,106,M,0.6841666666666697,omadussõnad,3,263.0937880633362
20200112_kekkonenis_takeover__041_12012020,107,M,0.4153333333333269,omadussõnad,1,144.4622792937422
20200112_kekkonenis_takeover__041_12012020,109,M,0.3529999999999972,omadussõnad,2,339.94334277620663
20200112_kekkonenis_takeover__041_12012020,111,M,3.5673333333333326,omadussõnad,16,269.1085778359186
20200112_kekkonenis_takeover__041_12012020,112,M,4.231333333333335,omadussõnad,10,141.79927524814866
20200112_kekkonenis_takeover__041_12012020,113,M,2.151333333333332,omadussõnad,3,83.66904245429197
20200112_kekkonenis_takeover__041_12012020,114,M,7.581833333333331,omadussõnad,23,182.01402475214883
20200116_112_saade__astroloog_anu_kallavus_teab_mis_on_veevalajaajastul_teisiti_kui_kaladeajastul,1,F,53.22666666666667,omadussõnad,356,401.30260521042084
20200124_114_saade__meisterpetaja_kristiina_raie_rgib_teekonnast_peale_keha_surma,1,F,31.314666666666668,omadussõnad,223,427.2758238950865
20200124_114_saade__meisterpetaja_kristiina_raie_rgib_teekonnast_peale_keha_surma,2,F,28.689000000000004,omadussõnad,191,399.4562375823486
20200319_kinnisvaraintervjuu_01_tnu_toompark_kinnisvarakool_o_ja_anton_nikitin_ecoadvice_o,0,M,8.516166666666667,omadussõnad,36,253.63524277354836
20200319_kinnisvaraintervjuu_01_tnu_toompark_kinnisvarakool_o_ja_anton_nikitin_ecoadvice_o,1,M,2.3593333333333333,omadussõnad,12,305.1709522463973
20200326_kinnisvaraintervjuu_03_tnu_toompark_kinnisvarakool_ja_jaan_liitme_domus_fnd_o,0,M,14.496999999999998,omadussõnad,87,360.0744981720356
20200330_1_lle_madise_intervjuus_eesti_inimeste_igusi_ei_tohi_ikka_grammigi_rohkem_piirata,0,F,11.714,omadussõnad,80,409.7660918558989
20200330_1_lle_madise_intervjuus_eesti_inimeste_igusi_ei_tohi_ikka_grammigi_rohkem_piirata,1,F,10.887333333333336,omadussõnad,95,523.5441797807848
20200330_1_lle_madise_intervjuus_eesti_inimeste_igusi_ei_tohi_ikka_grammigi_rohkem_piirata,2,F,1.4676666666666658,omadussõnad,15,613.2182602770843
20200407_1__linnulauluhommikud,0,M,5.128,omadussõnad,27,315.9126365054602
20200408_kinnisvaraintervjuu_04_tnu_toompark_kinnisvarakool_ja_mart_saa_laam_kinnisvara,0,M,14.914666666666667,omadussõnad,82,329.8766315036653
20200412_puhas_eesti_episood__050_12042020,3,M,2.609,omadussõnad,14,321.9624377155999
20200412_puhas_eesti_episood__050_12042020,5,M,2.137,omadussõnad,18,505.3813757604118
20200412_puhas_eesti_episood__050_12042020,6,M,1.471333333333333,omadussõnad,6,244.6760308110558
20200412_puhas_eesti_episood__050_12042020,7,M,7.231333333333334,omadussõnad,31,257.21397621462154
20200412_puhas_eesti_episood__050_12042020,8,M,0.8538333333333337,omadussõnad,3,210.8139761858285
20200412_puhas_eesti_episood__050_12042020,13,M,0.5609999999999995,omadussõnad,1,106.9518716577541
20200412_puhas_eesti_episood__050_12042020,14,M,0.826666666666667,omadussõnad,3,217.74193548387086
20200412_puhas_eesti_episood__050_12042020,15,M,0.6106666666666646,omadussõnad,2,196.5065502183413
20200412_puhas_eesti_episood__050_12042020,16,M,0.7898333333333312,omadussõnad,10,759.6539354294177
20200412_puhas_eesti_episood__050_12042020,17,M,1.1081666666666667,omadussõnad,3,162.43044066776957
20200412_puhas_eesti_episood__050_12042020,18,M,3.615333333333331,omadussõnad,20,331.9196016964782
20200412_puhas_eesti_episood__050_12042020,23,M,0.575333333333333,omadussõnad,1,104.287369640788
20200412_puhas_eesti_episood__050_12042020,24,M,0.4073333333333342,omadussõnad,2,294.59901800327265
20200412_puhas_eesti_episood__050_12042020,25,M,0.1641666666666651,omadussõnad,1,365.4822335025415
20200412_puhas_eesti_episood__050_12042020,26,M,0.4410000000000006,omadussõnad,1,136.0544217687073
20200412_puhas_eesti_episood__050_12042020,29,M,0.3961666666666664,omadussõnad,2,302.90281867900734
20200412_puhas_eesti_episood__050_12042020,32,M,0.5033333333333341,omadussõnad,2,238.4105960264897
20200412_puhas_eesti_episood__050_12042020,33,M,0.3833333333333333,omadussõnad,4,626.0869565217391
20200412_puhas_eesti_episood__050_12042020,35,M,0.3049999999999992,omadussõnad,1,196.72131147541035
20200412_puhas_eesti_episood__050_12042020,39,M,0.6730000000000018,omadussõnad,1,89.1530460624069
20200412_puhas_eesti_episood__050_12042020,42,M,0.8169999999999997,omadussõnad,13,954.7123623011018
20200412_puhas_eesti_episood__050_12042020,43,M,0.4538333333333336,omadussõnad,3,396.6213734851264
20200412_puhas_eesti_episood__050_12042020,45,M,0.9386666666666656,omadussõnad,3,191.76136363636385
20200412_puhas_eesti_episood__050_12042020,47,M,4.47466666666667,omadussõnad,34,455.89988081048836
20200412_puhas_eesti_episood__050_12042020,48,M,1.479333333333337,omadussõnad,7,283.9116719242895
20200412_puhas_eesti_episood__050_12042020,49,M,6.218666666666665,omadussõnad,44,424.5283018867926
20200412_puhas_eesti_episood__050_12042020,50,M,1.770666666666663,omadussõnad,13,440.512048192772
20200412_puhas_eesti_episood__050_12042020,51,M,1.129000000000004,omadussõnad,20,1062.8875110717413
20200412_puhas_eesti_episood__050_12042020,52,M,0.0921666666666624,omadussõnad,1,650.9945750452379
20200412_puhas_eesti_episood__050_12042020,54,M,2.412166666666667,omadussõnad,23,572.0997719892213
20200412_puhas_eesti_episood__050_12042020,55,M,2.8778333333333346,omadussõnad,17,354.43331209822185
20200412_puhas_eesti_episood__050_12042020,56,M,4.0138333333333325,omadussõnad,28,418.55250591703697
20200412_puhas_eesti_episood__050_12042020,57,M,0.9706666666666706,omadussõnad,5,309.0659340659328
20200412_puhas_eesti_episood__050_12042020,58,M,0.944999999999997,omadussõnad,4,253.9682539682548
20200412_puhas_eesti_episood__050_12042020,60,M,2.737000000000004,omadussõnad,24,526.1234928754102
20200412_puhas_eesti_episood__050_12042020,61,M,3.7418333333333296,omadussõnad,23,368.8031713509425
20200413_kinnisvaraintervjuu_05_tnu_toompark_kinnisvarakool_ja_neeme_liivlaid_goodson__red,0,M,1.2586666666666668,omadussõnad,7,333.68644067796606
20200413_kinnisvaraintervjuu_05_tnu_toompark_kinnisvarakool_ja_neeme_liivlaid_goodson__red,1,M,3.7433333333333336,omadussõnad,11,176.31344612644702
20200413_kinnisvaraintervjuu_05_tnu_toompark_kinnisvarakool_ja_neeme_liivlaid_goodson__red,2,M,3.281,omadussõnad,27,493.7519049070405
20200413_kinnisvaraintervjuu_05_tnu_toompark_kinnisvarakool_ja_neeme_liivlaid_goodson__red,3,M,2.255333333333333,omadussõnad,16,425.6577002660361
20200413_kinnisvaraintervjuu_05_tnu_toompark_kinnisvarakool_ja_neeme_liivlaid_goodson__red,4,M,0.7961666666666664,omadussõnad,1,75.36110529621104
20200413_kinnisvaraintervjuu_05_tnu_toompark_kinnisvarakool_ja_neeme_liivlaid_goodson__red,5,M,1.0586666666666664,omadussõnad,2,113.35012594458442
20200413_kinnisvaraintervjuu_05_tnu_toompark_kinnisvarakool_ja_neeme_liivlaid_goodson__red,6,M,1.327333333333333,omadussõnad,6,271.2204922149674
20200413_kinnisvaraintervjuu_05_tnu_toompark_kinnisvarakool_ja_neeme_liivlaid_goodson__red,7,M,6.552999999999999,omadussõnad,37,338.77613306882347
20200413_kinnisvaraintervjuu_05_tnu_toompark_kinnisvarakool_ja_neeme_liivlaid_goodson__red,8,M,2.2521666666666684,omadussõnad,9,239.7691112262264
20200422_kinnisvaraintervjuu_07_tnu_toompark_kinnisvarakool_ja_andree_raid_raid__ko,0,M,13.490666666666668,omadussõnad,77,342.4589839889306
20200422_kinnisvaraintervjuu_07_tnu_toompark_kinnisvarakool_ja_andree_raid_raid__ko,1,M,6.617000000000002,omadussõnad,38,344.5670243312679
20200424_kinnisvaraintervjuu_08_tnu_toompark_kinnisvarakool_ja_kaspar_kajuvee_estateguru_o,0,M,16.410666666666668,omadussõnad,72,263.24341891452707
20200424_kinnisvaraintervjuu_08_tnu_toompark_kinnisvarakool_ja_kaspar_kajuvee_estateguru_o,1,M,2.588166666666668,omadussõnad,14,324.55406014553404
20200426_6__ndala_soovitus_mine_roostikulinde_kuulama,0,M,5.1498333333333335,omadussõnad,21,244.66811223664197
20200505_episood_10__estpluatatsioon_november__malev,0,M,5.723666666666667,omadussõnad,26,272.55255954807524
20200505_episood_10__estpluatatsioon_november__malev,2,M,0.6458333333333334,omadussõnad,4,371.61290322580646
20200505_episood_10__estpluatatsioon_november__malev,4,M,0.2073333333333333,omadussõnad,1,289.3890675241158
20200505_episood_10__estpluatatsioon_november__malev,6,M,9.169000000000002,omadussõnad,55,359.9083869560475
20200505_episood_10__estpluatatsioon_november__malev,7,M,2.6889999999999987,omadussõnad,19,423.94942357753837
20200505_episood_10__estpluatatsioon_november__malev,8,M,2.472999999999998,omadussõnad,9,218.35826930853233
20200505_episood_10__estpluatatsioon_november__malev,9,M,5.1418333333333335,omadussõnad,23,268.38676217950797
20200505_episood_10__estpluatatsioon_november__malev,10,M,4.069833333333334,omadussõnad,23,339.08022441541414
20200505_episood_10__estpluatatsioon_november__malev,11,M,0.2458333333333333,omadussõnad,1,244.06779661016947
20200505_episood_10__estpluatatsioon_november__malev,12,M,2.129,omadussõnad,18,507.28041333959607
20200505_episood_10__estpluatatsioon_november__malev,13,M,1.0298333333333327,omadussõnad,4,233.04741867616133
20200505_episood_10__estpluatatsioon_november__malev,14,M,5.245833333333334,omadussõnad,26,297.3788721207307
20200505_episood_10__estpluatatsioon_november__malev,15,M,7.989833333333339,omadussõnad,46,345.43899538997454
20200505_episood_10__estpluatatsioon_november__malev,16,M,2.783333333333333,omadussõnad,16,344.9101796407186
20200505_episood_10__estpluatatsioon_november__malev,17,M,7.306666666666668,omadussõnad,41,336.67883211678827
20200505_episood_10__estpluatatsioon_november__malev,18,M,10.637833333333331,omadussõnad,64,360.97576260830056
20200505_episood_10__estpluatatsioon_november__malev,19,M,1.8538333333333337,omadussõnad,7,226.55758338577718
20200505_episood_10__estpluatatsioon_november__malev,20,M,7.633000000000008,omadussõnad,42,330.1454211974319
20200505_episood_10__estpluatatsioon_november__malev,21,M,1.1978333333333315,omadussõnad,6,300.5426464449705
20200505_episood_10__estpluatatsioon_november__malev,22,M,0.5193333333333309,omadussõnad,5,577.6636713735586
20200505_episood_10__estpluatatsioon_november__malev,23,M,6.308166666666663,omadussõnad,25,237.78699569341342
20200505_episood_10__estpluatatsioon_november__malev,24,M,3.3210000000000037,omadussõnad,15,271.00271002709997
20200511_7_vilja_kiisler_ksib_urve_palo_vastab_mis_te_seal_viimsis_juba_jlle_laamendate,0,F,24.440333333333335,omadussõnad,146,358.4239167496351
20200524_see_on_ikkagi_hiphopi_saade_056_24052020,3,M,0.217,omadussõnad,1,276.4976958525345
20200524_see_on_ikkagi_hiphopi_saade_056_24052020,4,M,4.452166666666667,omadussõnad,7,94.33609104181484
20200524_see_on_ikkagi_hiphopi_saade_056_24052020,6,M,7.1306666666666665,omadussõnad,18,151.45848915482424
20200524_see_on_ikkagi_hiphopi_saade_056_24052020,10,M,5.007333333333334,omadussõnad,40,479.29703102116883
20200524_see_on_ikkagi_hiphopi_saade_056_24052020,11,M,6.058666666666666,omadussõnad,15,148.54753521126761
20200524_see_on_ikkagi_hiphopi_saade_056_24052020,13,M,8.673000000000002,omadussõnad,41,283.6388792805257
20200524_see_on_ikkagi_hiphopi_saade_056_24052020,16,M,2.0073333333333343,omadussõnad,15,448.35602789770815
20200524_see_on_ikkagi_hiphopi_saade_056_24052020,27,M,3.098666666666668,omadussõnad,17,329.17383820998265
20200524_see_on_ikkagi_hiphopi_saade_056_24052020,29,M,1.2521666666666684,omadussõnad,5,239.58471981898012
20200524_see_on_ikkagi_hiphopi_saade_056_24052020,34,M,13.362666666666662,omadussõnad,31,139.19377369786477
20200608_liisa_pakosta__naistele_ks_palk_ja_meestele_teine,0,F,24.0745,omadussõnad,152,378.82406695881537
20200730_heitlus_20ndates_podcast__osa_1_uus_algus,0,M,0.5593333333333333,omadussõnad,1,107.2705601907032
20200730_heitlus_20ndates_podcast__osa_1_uus_algus,1,M,1.8601666666666663,omadussõnad,18,580.5931368156974
20200730_heitlus_20ndates_podcast__osa_1_uus_algus,2,M,7.367333333333335,omadussõnad,24,195.45742466745085
20200730_heitlus_20ndates_podcast__osa_1_uus_algus,3,M,4.040999999999999,omadussõnad,19,282.1083890126207
20200730_heitlus_20ndates_podcast__osa_1_uus_algus,4,M,0.6410000000000006,omadussõnad,2,187.20748829953183
20200730_heitlus_20ndates_podcast__osa_1_uus_algus,5,M,0.7146666666666666,omadussõnad,2,167.91044776119406
20200730_heitlus_20ndates_podcast__osa_1_uus_algus,6,M,0.8121666666666669,omadussõnad,7,517.1352349681919
20200807_heitlus_20ndates_podcast__osa_2_gmnaasiumiaja_raskused,1,M,5.0169999999999995,omadussõnad,20,239.18676499900343
20200807_heitlus_20ndates_podcast__osa_2_gmnaasiumiaja_raskused,2,M,1.0938333333333332,omadussõnad,6,329.1177815023617
20200807_heitlus_20ndates_podcast__osa_2_gmnaasiumiaja_raskused,3,M,3.306666666666667,omadussõnad,15,272.17741935483866
20200807_heitlus_20ndates_podcast__osa_2_gmnaasiumiaja_raskused,4,M,2.881,omadussõnad,13,270.73932662270045
20200807_heitlus_20ndates_podcast__osa_2_gmnaasiumiaja_raskused,5,M,1.4393333333333336,omadussõnad,5,208.42982862436313
20200807_heitlus_20ndates_podcast__osa_2_gmnaasiumiaja_raskused,6,M,3.2041666666666684,omadussõnad,18,337.06111833550045
20200826_riina_solman_ja_liina_kersna_roosast_kleidist_ja_riigi_vrikusest,0,F,32.030833333333334,omadussõnad,215,402.73694617165756
20200826_riina_solman_ja_liina_kersna_roosast_kleidist_ja_riigi_vrikusest,1,F,5.349499999999996,omadussõnad,41,459.85606131414175
20200827_mailis_repsi_tabab_avameelsushoog,0,F,24.511333333333333,omadussõnad,212,518.9436179182419
20200920_tt_terav_teema_068_20092020,2,M,1.489,omadussõnad,11,443.25050369375424
20200920_tt_terav_teema_068_20092020,3,M,1.2746666666666668,omadussõnad,4,188.28451882845187
20200920_tt_terav_teema_068_20092020,4,M,4.802666666666666,omadussõnad,13,162.40977234869518
20200920_tt_terav_teema_068_20092020,7,M,7.873,omadussõnad,7,53.346881747745456
20200920_tt_terav_teema_068_20092020,8,M,2.169000000000002,omadussõnad,14,387.27524204702604
20200920_tt_terav_teema_068_20092020,9,M,4.212166666666667,omadussõnad,7,99.71115419617774
20200920_tt_terav_teema_068_20092020,25,M,1.0681666666666692,omadussõnad,6,337.02605710719223
20200920_tt_terav_teema_068_20092020,26,M,4.631333333333331,omadussõnad,23,297.97034691233637
20200920_tt_terav_teema_068_20092020,28,M,4.697000000000003,omadussõnad,15,191.61166702150297
20200920_tt_terav_teema_068_20092020,29,M,4.140166666666664,omadussõnad,20,289.84340404975666
20200920_tt_terav_teema_068_20092020,32,M,8.332166666666664,omadussõnad,29,208.8292360930531
20200920_tt_terav_teema_068_20092020,38,M,6.420166666666668,omadussõnad,17,158.8743802081981
20201108_juubel_75_075_08112020,3,M,16.409,omadussõnad,66,241.33097690291916
20201108_juubel_75_075_08112020,4,M,5.370666666666667,omadussõnad,13,145.23336643495534
20201108_juubel_75_075_08112020,5,M,5.749833333333333,omadussõnad,29,302.6174671729616
20201108_juubel_75_075_08112020,10,M,2.2346666666666652,omadussõnad,7,187.94749403341302
20201108_juubel_75_075_08112020,11,M,19.655333333333335,omadussõnad,30,91.57819760539972
20201108_juubel_75_075_08112020,12,M,2.1673333333333327,omadussõnad,18,498.3082128575824
20201108_juubel_75_075_08112020,26,M,2.933833333333337,omadussõnad,21,429.4722490484572
20201108_juubel_75_075_08112020,27,M,0.8041666666666667,omadussõnad,9,671.5025906735751
20201130_podcast_noorteaken_1__sissejuhatus,0,F,27.51133333333333,omadussõnad,174,379.47997189037255
20201130_podcast_noorteaken_1__sissejuhatus,1,F,9.525833333333331,omadussõnad,54,340.1277228588925
20201203_webinar_kinnisvaramaakleri_karjri_alustamine,0,F,3.020166666666667,omadussõnad,7,139.06517300369734
20201203_webinar_kinnisvaramaakleri_karjri_alustamine,2,F,0.6729999999999995,omadussõnad,5,445.765230312036
20201203_webinar_kinnisvaramaakleri_karjri_alustamine,3,F,0.7210000000000003,omadussõnad,1,83.2177531206657
20201203_webinar_kinnisvaramaakleri_karjri_alustamine,4,F,3.9626666666666663,omadussõnad,17,257.40242261103634
20201203_webinar_kinnisvaramaakleri_karjri_alustamine,5,F,0.5946666666666658,omadussõnad,3,302.6905829596417
20201203_webinar_kinnisvaramaakleri_karjri_alustamine,6,F,0.5193333333333328,omadussõnad,1,115.5327342747113
20201203_webinar_kinnisvaramaakleri_karjri_alustamine,7,F,2.413833333333334,omadussõnad,19,472.2778429883309
20201203_webinar_kinnisvaramaakleri_karjri_alustamine,8,F,2.4106666666666663,omadussõnad,8,199.11504424778764
20201203_webinar_kinnisvaramaakleri_karjri_alustamine,9,F,0.3978333333333334,omadussõnad,2,301.63385002094674
20201203_webinar_kinnisvaramaakleri_karjri_alustamine,10,F,2.0106666666666646,omadussõnad,11,328.24933687002687
20201203_webinar_kinnisvaramaakleri_karjri_alustamine,11,F,4.733833333333333,omadussõnad,22,278.8437841073127
20201203_webinar_kinnisvaramaakleri_karjri_alustamine,12,F,0.9626666666666666,omadussõnad,1,62.32686980609419
20201203_webinar_kinnisvaramaakleri_karjri_alustamine,13,F,0.5626666666666665,omadussõnad,1,106.63507109004742
20201203_webinar_kinnisvaramaakleri_karjri_alustamine,14,F,0.2970000000000027,omadussõnad,1,202.02020202020017
20201203_webinar_kinnisvaramaakleri_karjri_alustamine,15,F,0.4186666666666648,omadussõnad,4,573.2484076433146
20201203_webinar_kinnisvaramaakleri_karjri_alustamine,16,F,4.471333333333333,omadussõnad,21,281.7951394065901
20201203_webinar_kinnisvaramaakleri_karjri_alustamine,17,F,1.3913333333333335,omadussõnad,3,129.37230474365117
20201203_webinar_kinnisvaramaakleri_karjri_alustamine,18,F,0.8041666666666667,omadussõnad,4,298.44559585492226
20201203_webinar_kinnisvaramaakleri_karjri_alustamine,19,F,1.000999999999999,omadussõnad,9,539.46053946054
20201203_webinar_kinnisvaramaakleri_karjri_alustamine,20,F,0.2698333333333342,omadussõnad,3,667.0784434836296
20201203_webinar_kinnisvaramaakleri_karjri_alustamine,21,F,0.5930000000000025,omadussõnad,2,202.36087689713236
20201203_webinar_kinnisvaramaakleri_karjri_alustamine,22,F,2.4281666666666677,omadussõnad,20,494.20001372777796
20201203_webinar_kinnisvaramaakleri_karjri_alustamine,23,F,0.2073333333333342,omadussõnad,3,868.1672025723435
20201213_podcast_noorteaken_2__kaasamine,1,F,1.1833333333333331,omadussõnad,4,202.8169014084507
20201213_podcast_noorteaken_2__kaasamine,2,F,8.821833333333334,omadussõnad,62,421.68105646974357
20201213_podcast_noorteaken_2__kaasamine,3,F,26.543333333333337,omadussõnad,107,241.86864247143032
20201213_podcast_noorteaken_2__kaasamine,4,F,9.696999999999996,omadussõnad,49,303.18655254202343
20201213_podcast_noorteaken_2__kaasamine,5,F,10.43616666666666,omadussõnad,56,321.9572959419968
20201231_59_normaalse_elu_osa,0,M,0.2153333333333333,omadussõnad,1,278.63777089783287
20201231_59_normaalse_elu_osa,1,M,1.3513333333333333,omadussõnad,9,399.60532807104096
20201231_59_normaalse_elu_osa,2,M,0.2281666666666666,omadussõnad,2,525.9313367421477
20201231_59_normaalse_elu_osa,3,M,7.0729999999999995,omadussõnad,39,330.8355718931147
20201231_59_normaalse_elu_osa,4,M,1.037833333333333,omadussõnad,3,173.43825277019437
20201231_59_normaalse_elu_osa,5,M,37.325833333333335,omadussõnad,249,400.25898059878097
20201231_59_normaalse_elu_osa,6,M,13.087999999999996,omadussõnad,85,389.6699266503669
20210104_podcast_noorteaken_3__aktiivsus_vabatahtlik_t,2,F,28.132166666666667,omadussõnad,171,364.70706723620054
20210104_podcast_noorteaken_3__aktiivsus_vabatahtlik_t,3,F,8.903333333333334,omadussõnad,55,370.64769749157614
20210106_irja_lutsar_mina_ei_ole_selle_valitsuse_ema,0,F,24.734166666666667,omadussõnad,161,390.5528789461272
20210112_abielurefendum_vib_lpetada_riigikohtus_viitab_lle_madise,0,F,18.557333333333336,omadussõnad,142,459.1176893231785
20210112_abielurefendum_vib_lpetada_riigikohtus_viitab_lle_madise,1,F,4.169000000000001,omadussõnad,24,345.406572319501
20210112_abielurefendum_vib_lpetada_riigikohtus_viitab_lle_madise,2,F,1.3129999999999995,omadussõnad,19,868.2406702208685
20210124_kiire_saade_086_24012021,2,M,4.213833333333333,omadussõnad,25,355.97041490329474
20210124_kiire_saade_086_24012021,7,M,8.882666666666667,omadussõnad,31,209.39657760432303
20210124_kiire_saade_086_24012021,9,M,2.5001666666666646,omadussõnad,10,239.98400106659577
20210124_kiire_saade_086_24012021,10,M,2.572166666666669,omadussõnad,11,256.5930149679256
20210124_kiire_saade_086_24012021,11,M,6.745000000000001,omadussõnad,49,435.87842846552996
20210124_kiire_saade_086_24012021,21,M,2.4521666666666686,omadussõnad,7,171.27710188268867
20210124_kiire_saade_086_24012021,24,M,3.221833333333332,omadussõnad,10,186.22937251047546
20210124_kiire_saade_086_24012021,25,M,2.637833333333333,omadussõnad,25,568.6485120363936
20210124_kiire_saade_086_24012021,26,M,2.6426666666666656,omadussõnad,14,317.8607467204845
20210124_kiire_saade_086_24012021,36,M,4.922666666666669,omadussõnad,26,316.9014084507041
20210124_kiire_saade_086_24012021,43,M,3.9481666666666646,omadussõnad,30,455.9078053104819
20210124_kiire_saade_086_24012021,44,M,9.336999999999996,omadussõnad,17,109.24279747242159
20210124_kiire_saade_086_24012021,45,M,0.8986666666666603,omadussõnad,2,133.53115727003063
20210124_kiire_saade_086_24012021,46,M,0.5161666666666633,omadussõnad,5,581.2076202776918
20210124_kiire_saade_086_24012021,48,M,0.9450000000000122,omadussõnad,2,126.98412698412535
20210131_klas_mc_olldaraba_bastadz_daraba_mob08731012021,2,M,1.017,omadussõnad,9,530.9734513274337
20210131_klas_mc_olldaraba_bastadz_daraba_mob08731012021,3,M,20.593,omadussõnad,84,244.74335939396883
20210131_klas_mc_olldaraba_bastadz_daraba_mob08731012021,4,M,0.2841666666666659,omadussõnad,5,1055.7184750733165
20210131_klas_mc_olldaraba_bastadz_daraba_mob08731012021,5,M,20.441,omadussõnad,96,281.78660535198867
20210131_klas_mc_olldaraba_bastadz_daraba_mob08731012021,6,M,7.898666666666668,omadussõnad,23,174.71303173531393
20210131_klas_mc_olldaraba_bastadz_daraba_mob08731012021,7,M,0.8810000000000021,omadussõnad,6,408.62656072644626
20210131_klas_mc_olldaraba_bastadz_daraba_mob08731012021,8,M,0.55783333333333,omadussõnad,1,107.55900806692624
20210131_klas_mc_olldaraba_bastadz_daraba_mob08731012021,9,M,2.737000000000004,omadussõnad,14,306.9053708439893
20210131_klas_mc_olldaraba_bastadz_daraba_mob08731012021,10,M,0.905000000000003,omadussõnad,3,198.89502762430874
20210131_klas_mc_olldaraba_bastadz_daraba_mob08731012021,11,M,3.49216666666667,omadussõnad,25,429.5327638047054
20210131_klas_mc_olldaraba_bastadz_daraba_mob08731012021,12,M,1.35783333333333,omadussõnad,7,309.31631275316147
20210201_keit_pentusrosimannus_autorollo_skandaalist,0,F,24.89816666666667,omadussõnad,152,366.29202953363364
20210208_jutud_rohelises_stuudios_osa_1_hardo_adamson,0,M,0.0986666666666666,omadussõnad,1,608.1081081081081
20210208_jutud_rohelises_stuudios_osa_1_hardo_adamson,1,M,2.393,omadussõnad,15,376.0969494358546
20210208_jutud_rohelises_stuudios_osa_1_hardo_adamson,2,M,0.1226666666666669,omadussõnad,1,489.1304347826077
20210208_jutud_rohelises_stuudios_osa_1_hardo_adamson,3,M,6.848999999999999,omadussõnad,24,210.24967148488835
20210208_jutud_rohelises_stuudios_osa_1_hardo_adamson,4,M,5.677833333333333,omadussõnad,32,338.15716088883676
20210208_jutud_rohelises_stuudios_osa_1_hardo_adamson,5,M,7.338666666666668,omadussõnad,22,179.8691860465116
20210208_jutud_rohelises_stuudios_osa_1_hardo_adamson,6,M,3.2169999999999996,omadussõnad,9,167.85825303077405
20210208_jutud_rohelises_stuudios_osa_1_hardo_adamson,8,M,4.639333333333331,omadussõnad,35,452.6512429946833
20210208_jutud_rohelises_stuudios_osa_1_hardo_adamson,9,M,6.332166666666671,omadussõnad,25,236.8857421103886
20210208_jutud_rohelises_stuudios_osa_1_hardo_adamson,10,M,12.87616666666667,omadussõnad,78,363.4622105440283
20210208_jutud_rohelises_stuudios_osa_1_hardo_adamson,11,M,0.5273333333333312,omadussõnad,1,113.78002528445052
20210208_jutud_rohelises_stuudios_osa_1_hardo_adamson,12,M,4.0009999999999994,omadussõnad,20,299.92501874531365
20210208_jutud_rohelises_stuudios_osa_1_hardo_adamson,13,M,0.1113333333333381,omadussõnad,1,538.9221556885993
20210208_signe_riisalo_pikas_vaates_tuleb_kas_maksutus_vi_rnne,0,F,24.6205,omadussõnad,182,443.53282833411185
20210220_podcast_noorteaken_4__vaimne_tervis,2,F,48.436166666666665,omadussõnad,293,362.9519264186197
20210220_podcast_noorteaken_4__vaimne_tervis,4,F,37.53383333333333,omadussõnad,211,337.29568433813057
20210305_podcast_noorteaken_5__anne_noortekeskus,1,F,26.269833333333334,omadussõnad,165,376.858119896713
20210313_episood_1_eesti_laul_aftekas__covidioodid,0,M,54.761,omadussõnad,319,349.51881813699526
20210318_webinar_ettevtja_kinnisvararis,0,F,8.362666666666666,omadussõnad,38,272.64030612244903
20210318_webinar_ettevtja_kinnisvararis,1,F,6.0778333333333325,omadussõnad,28,276.4142923739272
20210318_webinar_ettevtja_kinnisvararis,2,F,19.540166666666664,omadussõnad,99,303.98921878864905
20210318_webinar_kinnisvaramaakleri_karjri_alustamine,0,F,25.348166666666668,omadussõnad,114,269.84200040765603
20210318_webinar_kinnisvaramaakleri_karjri_alustamine,1,F,8.684166666666666,omadussõnad,58,400.7292966126092
20210321_episood_2__prgitelevisioon,0,M,41.82983333333333,omadussõnad,276,395.8896959506572
20210321_episood_2__prgitelevisioon,1,M,21.388166666666667,omadussõnad,159,446.0410351518363
20210322_podcast_noorteaken_6__motivatsioon_eneseareng_ja_ajaplaneerimine,1,F,29.687333333333335,omadussõnad,164,331.45449237609756
20210404_episood_3_emoosekandid_ja_co2paraad,0,M,52.372166666666665,omadussõnad,322,368.8982379317258
20210404_episood_3_emoosekandid_ja_co2paraad,1,M,1.8281666666666676,omadussõnad,15,492.2964718752846
20210405_podcast_noorteaken_7__nipid_isolatsioonis_toimetulekuks_ja_tuleviku_plaanide_tegemiseks,2,F,4.281000000000001,omadussõnad,36,504.55501051156267
20210405_podcast_noorteaken_7__nipid_isolatsioonis_toimetulekuks_ja_tuleviku_plaanide_tegemiseks,3,F,28.698666666666668,omadussõnad,133,278.0616985690392
20210413_episood_4_kas_vanasti_oli_muusika_parem,0,M,10.724166666666669,omadussõnad,50,279.74201569663535
20210413_episood_4_kas_vanasti_oli_muusika_parem,1,M,3.460166666666667,omadussõnad,14,242.76287269399356
20210413_episood_4_kas_vanasti_oli_muusika_parem,2,M,24.133833333333335,omadussõnad,108,268.50272439106925
20210413_episood_4_kas_vanasti_oli_muusika_parem,3,M,17.469833333333334,omadussõnad,99,340.0146919928639
20210413_episood_4_kas_vanasti_oli_muusika_parem,4,M,12.370666666666663,omadussõnad,91,441.3666738521234
20210413_episood_4_kas_vanasti_oli_muusika_parem,5,M,46.16899999999999,omadussõnad,274,356.08308605341256
20210416_aprill_epikojas__ro_puuetega_inimeste_komitee_arvamus_eesti_olukorrast,2,M,11.751333333333331,omadussõnad,66,336.98303738582854
20210416_jutud_rohelises_stuudios_osa_4_madis_mumm,0,M,0.1001666666666666,omadussõnad,1,599.0016638935107
20210416_jutud_rohelises_stuudios_osa_4_madis_mumm,1,M,27.033,omadussõnad,117,259.68261014315834
20210416_jutud_rohelises_stuudios_osa_4_madis_mumm,2,M,8.717833333333333,omadussõnad,35,240.88554113216205
20210416_jutud_rohelises_stuudios_osa_4_madis_mumm,3,M,0.55783333333333,omadussõnad,3,322.6770242007787
20210416_jutud_rohelises_stuudios_osa_4_madis_mumm,4,M,10.882666666666667,omadussõnad,63,347.34133790737565
20210416_jutud_rohelises_stuudios_osa_4_madis_mumm,5,M,17.14183333333333,omadussõnad,93,325.51944074437785
20210416_webinar_hetkeseis_kinnisvaraturul,0,F,3.3459999999999996,omadussõnad,19,340.70531978481773
20210416_webinar_hetkeseis_kinnisvaraturul,1,F,2.117833333333333,omadussõnad,15,424.9626190288818
20210416_webinar_hetkeseis_kinnisvaraturul,2,F,12.289000000000003,omadussõnad,54,263.6504190739685
20210416_webinar_hetkeseis_kinnisvaraturul,3,F,3.132166666666668,omadussõnad,23,440.58958122705246
20210416_webinar_hetkeseis_kinnisvaraturul,4,F,17.264666666666667,omadussõnad,99,344.05529598022935
20210419_171_saade_elujutoetaja_kairi_kuha,2,F,20.404166666666665,omadussõnad,173,508.7196242597509
20210419_171_saade_elujutoetaja_kairi_kuha,3,F,5.945000000000001,omadussõnad,51,514.7182506307821
20210419_171_saade_elujutoetaja_kairi_kuha,4,F,6.745000000000001,omadussõnad,50,444.7739065974796
20210419_171_saade_elujutoetaja_kairi_kuha,5,F,23.804166666666664,omadussõnad,191,481.42832137230886
20210419_podcast_noorteaken_8__internetiturvalisus_kberkiusamine_ja_seksuaalne_vrkohtlemine,2,F,9.154666666666667,omadussõnad,41,268.7154092630352
20210419_podcast_noorteaken_8__internetiturvalisus_kberkiusamine_ja_seksuaalne_vrkohtlemine,3,F,1.1241666666666654,omadussõnad,3,160.11860637509284
20210419_podcast_noorteaken_8__internetiturvalisus_kberkiusamine_ja_seksuaalne_vrkohtlemine,4,F,21.924166666666668,omadussõnad,122,333.87814056026457
20210422_episood_5_elu_surm_ja_kanade_lestus,0,M,83.633,omadussõnad,387,277.6416008035106
20210502_sott_kihisev__korrrralik_jubileika_100_02052021,3,M,14.037833333333332,omadussõnad,72,307.7397984019376
20210502_sott_kihisev__korrrralik_jubileika_100_02052021,8,M,4.676166666666665,omadussõnad,19,243.7894286630788
20210502_sott_kihisev__korrrralik_jubileika_100_02052021,15,M,2.897000000000003,omadussõnad,23,476.35484984466643
20210502_sott_kihisev__korrrralik_jubileika_100_02052021,24,M,8.07616666666667,omadussõnad,15,111.43900778009366
20210502_sott_kihisev__korrrralik_jubileika_100_02052021,25,M,5.610666666666672,omadussõnad,29,310.1235741444864
20210502_sott_kihisev__korrrralik_jubileika_100_02052021,28,M,2.6970000000000027,omadussõnad,21,467.18576195773034
20210502_sott_kihisev__korrrralik_jubileika_100_02052021,37,M,1.625,omadussõnad,3,110.76923076923077
20210502_sott_kihisev__korrrralik_jubileika_100_02052021,46,M,5.829833333333332,omadussõnad,33,339.63235083907495
20210502_sott_kihisev__korrrralik_jubileika_100_02052021,48,M,3.2969999999999953,omadussõnad,4,72.79344858962703
20210502_sott_kihisev__korrrralik_jubileika_100_02052021,49,M,9.256999999999984,omadussõnad,21,136.11321162363637
20210502_sott_kihisev__korrrralik_jubileika_100_02052021,51,M,2.293833333333335,omadussõnad,14,366.19922981907985
20210502_sott_kihisev__korrrralik_jubileika_100_02052021,53,M,12.34333333333334,omadussõnad,73,354.8474210099917
20210502_sott_kihisev__korrrralik_jubileika_100_02052021,58,M,3.660166666666676,omadussõnad,28,458.9954920085594
20210502_sott_kihisev__korrrralik_jubileika_100_02052021,59,M,6.792999999999998,omadussõnad,4,35.33048726630356
20210502_sott_kihisev__korrrralik_jubileika_100_02052021,60,M,2.8153333333333346,omadussõnad,21,447.54913568553144
20210502_sott_kihisev__korrrralik_jubileika_100_02052021,62,M,1.341833333333322,omadussõnad,3,134.14482672959997
20210502_sott_kihisev__korrrralik_jubileika_100_02052021,63,M,1.1353333333333315,omadussõnad,8,422.783323546683
20210502_sott_kihisev__korrrralik_jubileika_100_02052021,64,M,2.496999999999995,omadussõnad,1,24.028834601521876
20210502_sott_kihisev__korrrralik_jubileika_100_02052021,65,M,3.0058333333333396,omadussõnad,20,399.22373163293514
20210519_podcast_noorteaken_10__treening_toitumine_ning_tervis,1,F,4.666666666666667,omadussõnad,28,359.99999999999994
20210519_podcast_noorteaken_10__treening_toitumine_ning_tervis,2,F,1.3258333333333323,omadussõnad,5,226.27278441231942
20210519_podcast_noorteaken_10__treening_toitumine_ning_tervis,3,F,1.3066666666666673,omadussõnad,16,734.69387755102
20210519_podcast_noorteaken_10__treening_toitumine_ning_tervis,4,F,3.9178333333333337,omadussõnad,38,581.9543114816863
20210519_podcast_noorteaken_10__treening_toitumine_ning_tervis,5,F,21.693833333333338,omadussõnad,133,367.84646942679564
20210519_podcast_noorteaken_10__treening_toitumine_ning_tervis,6,F,7.120999999999996,omadussõnad,53,446.5664934700185
20210531_kuna_it_on_levinud_igasse_eluvaldkonda_siis_on_itekspertidele_rakendust_kikjal,0,M,28.527333333333335,omadussõnad,220,462.7141221284849
20210603_mida_peaksid_teadma_enne_kinnisvaraostu,0,F,33.215333333333334,omadussõnad,180,325.15103466270597
20210603_mida_peaksid_teadma_enne_kinnisvaraostu,1,F,3.588166666666666,omadussõnad,26,434.7624134887826
20210603_mida_peaksid_teadma_enne_kinnisvaraostu,2,F,2.291166666666671,omadussõnad,8,209.5002546010035
20210614_14_mentorlusssteemi_loomine_organisatsioonis__stuudios_katri_jrine_ericsson_eesti_ja_tiiu_allikvee_fontes,0,F,1.9641666666666668,omadussõnad,10,305.47305897327107
20210614_14_mentorlusssteemi_loomine_organisatsioonis__stuudios_katri_jrine_ericsson_eesti_ja_tiiu_allikvee_fontes,1,F,27.909833333333335,omadussõnad,158,339.66523148949886
20210614_14_mentorlusssteemi_loomine_organisatsioonis__stuudios_katri_jrine_ericsson_eesti_ja_tiiu_allikvee_fontes,2,F,0.8041666666666667,omadussõnad,6,447.66839378238336
20210614_erisaade_kommunismiohvrite_memoriaali_audiokirjeldus,0,M,14.166833333333331,omadussõnad,103,436.23016199809416
20210614_erisaade_kommunismiohvrite_memoriaali_audiokirjeldus,1,M,1.836166666666666,omadussõnad,8,261.4141780884089
20210614_podcast_noorteaken_11__noorteakna_esimene_hooaeg_on_lbi,2,F,1.0921666666666667,omadussõnad,6,329.6200213642606
20210614_podcast_noorteaken_11__noorteakna_esimene_hooaeg_on_lbi,3,F,13.800833333333332,omadussõnad,83,360.8477748928205
20210620_15_tandja_brnding__stuudios_ivi_aluoja_adven_ja_kristiina_kuuskme_fontes,0,F,3.260166666666667,omadussõnad,22,404.88727570165116
20210620_15_tandja_brnding__stuudios_ivi_aluoja_adven_ja_kristiina_kuuskme_fontes,1,F,44.687333333333335,omadussõnad,282,378.6307827721502
20210701_kuidas_mratakse_iget_mgihinda_kinnisvarale,0,F,25.375,omadussõnad,150,354.679802955665
20210727_arco_akadeemia_podcast_viljandi_maakonna_kinnisvaraturu_i_poolaasta_levaade,0,F,2.201,omadussõnad,11,299.8636983189459
20210727_arco_akadeemia_podcast_viljandi_maakonna_kinnisvaraturu_i_poolaasta_levaade,1,F,26.025333333333332,omadussõnad,171,394.23126184743074
20210729_arco_akadeemia_podcast_kuidas_tsta_oma_kinnisvara_vrtust_lbi_kinnisvaralavastuse,0,F,31.861333333333334,omadussõnad,197,370.9825912286575
20210819_augustikuu_epikojas__tagasi_likooli,1,M,14.396166666666666,omadussõnad,74,308.4154346643204
20210824_kaja_kallas_mina_ekrega_valitsust_ei_moodusta,0,F,17.574833333333334,omadussõnad,94,320.9134273440241
20210824_kaja_kallas_mina_ekrega_valitsust_ei_moodusta,1,F,14.570666666666666,omadussõnad,74,304.7218155197657
20210824_kaja_kallas_mina_ekrega_valitsust_ei_moodusta,2,F,3.1930000000000027,omadussõnad,18,338.23989978077014
20210827_arco_akadeemia_podcast__prnumaa_kinnisvaraturu_levaade,0,F,10.626666666666669,omadussõnad,77,434.7553324968632
20210827_arco_akadeemia_podcast__prnumaa_kinnisvaraturu_levaade,1,F,10.880999999999998,omadussõnad,77,424.59332781913434
20210827_arco_akadeemia_podcast__prnumaa_kinnisvaraturu_levaade,2,F,3.208999999999999,omadussõnad,19,355.25085696478664
20210827_arco_akadeemia_podcast__prnumaa_kinnisvaraturu_levaade,3,F,3.779333333333333,omadussõnad,27,428.64702769447877
20210908_liina_kersna_veerand_vanemaid_on_vaktsineerimise_vastu,0,F,25.0925,omadussõnad,151,361.0640629670221
20210911_arco_akadeemia_podcast__lhv_panga_vaade_kinnisvaraturule,0,F,24.052833333333336,omadussõnad,158,394.132361398865
20210912_jlle_see_lart_119_12092021,1,M,0.6569999999999999,omadussõnad,1,91.32420091324202
20210912_jlle_see_lart_119_12092021,2,M,5.1850000000000005,omadussõnad,34,393.4426229508196
20210912_jlle_see_lart_119_12092021,4,M,12.994666666666664,omadussõnad,64,295.50584855325263
20210912_jlle_see_lart_119_12092021,6,M,8.991333333333333,omadussõnad,60,400.38555646177804
20210912_jlle_see_lart_119_12092021,8,M,10.497000000000003,omadussõnad,59,337.2392112032008
20210912_jlle_see_lart_119_12092021,12,M,1.800999999999999,omadussõnad,14,466.4075513603556
20210912_jlle_see_lart_119_12092021,16,M,5.657000000000001,omadussõnad,46,487.8911083613221
20210912_jlle_see_lart_119_12092021,17,M,0.8778333333333346,omadussõnad,4,273.4004176950822
20210912_jlle_see_lart_119_12092021,21,M,10.868166666666667,omadussõnad,59,325.7219095523623
20210912_jlle_see_lart_119_12092021,22,M,1.712999999999996,omadussõnad,3,105.07880910683038
20210912_jlle_see_lart_119_12092021,23,M,0.9273333333333312,omadussõnad,1,64.70165348670037
20210912_jlle_see_lart_119_12092021,24,M,1.4233333333333424,omadussõnad,2,84.3091334894608
20210927_61_cancel_cancel_cancel,0,M,1.0836666666666666,omadussõnad,2,110.73515841279607
20210927_61_cancel_cancel_cancel,2,M,0.0681666666666667,omadussõnad,1,880.1955990220042
20210927_61_cancel_cancel_cancel,3,M,3.401,omadussõnad,12,211.70244045868864
20210927_61_cancel_cancel_cancel,4,M,2.7818333333333336,omadussõnad,24,517.6442394104606
20210927_61_cancel_cancel_cancel,5,M,19.703333333333333,omadussõnad,89,271.02013195736765
20210927_61_cancel_cancel_cancel,7,M,0.6186666666666648,omadussõnad,6,581.8965517241397
20210927_61_cancel_cancel_cancel,8,M,1.1753333333333331,omadussõnad,9,459.4441293250143
20210927_61_cancel_cancel_cancel,9,M,10.928999999999997,omadussõnad,58,318.4188855339007
20210927_61_cancel_cancel_cancel,10,M,3.305000000000003,omadussõnad,15,272.3146747352494
20210927_61_cancel_cancel_cancel,11,M,0.3833333333333333,omadussõnad,4,626.0869565217391
20210927_61_cancel_cancel_cancel,12,M,1.532166666666664,omadussõnad,8,313.281844881976
20210927_61_cancel_cancel_cancel,14,M,5.391333333333334,omadussõnad,20,222.5794484975887
20210927_61_cancel_cancel_cancel,15,M,2.3241666666666636,omadussõnad,19,490.49838651846613
20210927_61_cancel_cancel_cancel,16,M,0.1306666666666691,omadussõnad,1,459.1836734693792
20210927_61_cancel_cancel_cancel,17,M,0.1578333333333375,omadussõnad,2,760.2956705385224
20210927_61_cancel_cancel_cancel,19,M,1.3818333333333386,omadussõnad,6,260.52345917259584
20210927_61_cancel_cancel_cancel,20,M,0.3898333333333312,omadussõnad,1,153.91192817443437
20210928_bipolaarne_muusika_8,0,M,20.077333333333335,omadussõnad,114,340.68269358480546
20210928_bipolaarne_muusika_8,1,M,40.22183333333333,omadussõnad,201,299.8371531216462
20210928_bipolaarne_muusika_8,3,M,1.908499999999996,omadussõnad,13,408.6979303117641
20211018_234_spirituaalne_petaja_andrues_vana_vline_edu_on_sinu_sisemise_kpsuse_peegeldus,1,M,2.1978333333333335,omadussõnad,9,245.69651929930993
20211018_234_spirituaalne_petaja_andrues_vana_vline_edu_on_sinu_sisemise_kpsuse_peegeldus,2,M,5.047333333333333,omadussõnad,40,475.4986131290451
20211018_234_spirituaalne_petaja_andrues_vana_vline_edu_on_sinu_sisemise_kpsuse_peegeldus,3,M,7.541833333333333,omadussõnad,63,501.20439327307685
20211018_234_spirituaalne_petaja_andrues_vana_vline_edu_on_sinu_sisemise_kpsuse_peegeldus,4,M,9.509833333333331,omadussõnad,40,252.37035349375213
20211018_234_spirituaalne_petaja_andrues_vana_vline_edu_on_sinu_sisemise_kpsuse_peegeldus,5,M,10.847333333333337,omadussõnad,56,309.75354925941855
20211018_234_spirituaalne_petaja_andrues_vana_vline_edu_on_sinu_sisemise_kpsuse_peegeldus,6,M,8.425,omadussõnad,54,384.5697329376854
20211018_234_spirituaalne_petaja_andrues_vana_vline_edu_on_sinu_sisemise_kpsuse_peegeldus,7,M,0.9161666666666708,omadussõnad,3,196.47080225577497
20211018_234_spirituaalne_petaja_andrues_vana_vline_edu_on_sinu_sisemise_kpsuse_peegeldus,8,M,7.345000000000004,omadussõnad,31,253.23349217154515
20211018_234_spirituaalne_petaja_andrues_vana_vline_edu_on_sinu_sisemise_kpsuse_peegeldus,9,M,3.9369999999999967,omadussõnad,21,320.0406400812804
20211018_234_spirituaalne_petaja_andrues_vana_vline_edu_on_sinu_sisemise_kpsuse_peegeldus,10,M,11.049,omadussõnad,82,445.2891664404018
20211018_234_spirituaalne_petaja_andrues_vana_vline_edu_on_sinu_sisemise_kpsuse_peegeldus,11,M,0.3226666666666687,omadussõnad,1,185.9504132231393
20211018_234_spirituaalne_petaja_andrues_vana_vline_edu_on_sinu_sisemise_kpsuse_peegeldus,12,M,15.896999999999997,omadussõnad,122,460.46423853557286
20211018_234_spirituaalne_petaja_andrues_vana_vline_edu_on_sinu_sisemise_kpsuse_peegeldus,13,M,8.61866666666668,omadussõnad,48,334.15841584158363
20211018_234_spirituaalne_petaja_andrues_vana_vline_edu_on_sinu_sisemise_kpsuse_peegeldus,14,M,0.7370000000000042,omadussõnad,1,81.41112618724513
20211018_234_spirituaalne_petaja_andrues_vana_vline_edu_on_sinu_sisemise_kpsuse_peegeldus,15,M,7.389833333333324,omadussõnad,33,267.93567739461906
20211018_234_spirituaalne_petaja_andrues_vana_vline_edu_on_sinu_sisemise_kpsuse_peegeldus,16,M,0.2313333333333351,omadussõnad,1,259.36599423630923
20211018_234_spirituaalne_petaja_andrues_vana_vline_edu_on_sinu_sisemise_kpsuse_peegeldus,17,M,0.319333333333346,omadussõnad,1,187.89144050103636
20211018_234_spirituaalne_petaja_andrues_vana_vline_edu_on_sinu_sisemise_kpsuse_peegeldus,18,M,2.0730000000000017,omadussõnad,9,260.4920405209839
20211018_234_spirituaalne_petaja_andrues_vana_vline_edu_on_sinu_sisemise_kpsuse_peegeldus,19,M,1.237833333333341,omadussõnad,11,533.1897132085602
20211018_234_spirituaalne_petaja_andrues_vana_vline_edu_on_sinu_sisemise_kpsuse_peegeldus,20,M,13.132166666666656,omadussõnad,78,356.3768355056925
20211018_234_spirituaalne_petaja_andrues_vana_vline_edu_on_sinu_sisemise_kpsuse_peegeldus,22,M,2.9658333333333453,omadussõnad,10,202.30401798257856
20211018_234_spirituaalne_petaja_andrues_vana_vline_edu_on_sinu_sisemise_kpsuse_peegeldus,23,M,2.269833333333342,omadussõnad,6,158.60195315368173
20211122_novembrikuu_eesti_puuetega_inimeste_kojas__sensationalstem_soomes,3,M,11.740166666666664,omadussõnad,57,291.30761914226093
20211221_podcast_noorteaken_14__killu_kolsar_kes_on_arengutreener,1,F,2.3658333333333332,omadussõnad,12,304.33251144769287
20211221_podcast_noorteaken_14__killu_kolsar_kes_on_arengutreener,2,F,34.03616666666667,omadussõnad,217,382.53426502201086
20220104_mehed_ei_nuta_kontaveidi_fnnid_liialdasid_vehklejate_rappimisega_spordiaasta_suured_ksimused,0,M,6.2645,omadussõnad,42,402.2667411605076
20220104_mehed_ei_nuta_kontaveidi_fnnid_liialdasid_vehklejate_rappimisega_spordiaasta_suured_ksimused,1,M,15.986666666666665,omadussõnad,89,334.02835696413683
20220104_mehed_ei_nuta_kontaveidi_fnnid_liialdasid_vehklejate_rappimisega_spordiaasta_suured_ksimused,2,M,14.309833333333332,omadussõnad,71,297.69738757730704
20220104_mehed_ei_nuta_kontaveidi_fnnid_liialdasid_vehklejate_rappimisega_spordiaasta_suured_ksimused,3,M,25.564166666666665,omadussõnad,146,342.6671447664374
20220104_mehed_ei_nuta_kontaveidi_fnnid_liialdasid_vehklejate_rappimisega_spordiaasta_suured_ksimused,4,M,2.4730000000000016,omadussõnad,8,194.0962393853618
20220104_mehed_ei_nuta_kontaveidi_fnnid_liialdasid_vehklejate_rappimisega_spordiaasta_suured_ksimused,5,M,5.981833333333339,omadussõnad,22,220.66813407260852
20220106_239_marius_vahter_ja_sven_kabanen_mikrobioomi_olulisusest_detoksist_ja_probiootikumidest,2,M,1.049,omadussõnad,5,285.9866539561487
20220106_239_marius_vahter_ja_sven_kabanen_mikrobioomi_olulisusest_detoksist_ja_probiootikumidest,5,M,0.3978333333333334,omadussõnad,1,150.81692501047337
20220106_239_marius_vahter_ja_sven_kabanen_mikrobioomi_olulisusest_detoksist_ja_probiootikumidest,6,M,0.2218333333333333,omadussõnad,3,811.4199849737038
20220106_239_marius_vahter_ja_sven_kabanen_mikrobioomi_olulisusest_detoksist_ja_probiootikumidest,10,M,13.381833333333336,omadussõnad,105,470.78751043080797
20220106_239_marius_vahter_ja_sven_kabanen_mikrobioomi_olulisusest_detoksist_ja_probiootikumidest,11,M,10.21866666666667,omadussõnad,66,387.52609603340284
20220106_239_marius_vahter_ja_sven_kabanen_mikrobioomi_olulisusest_detoksist_ja_probiootikumidest,12,M,2.722666666666669,omadussõnad,14,308.5210577864836
20220106_239_marius_vahter_ja_sven_kabanen_mikrobioomi_olulisusest_detoksist_ja_probiootikumidest,13,M,0.975333333333333,omadussõnad,9,553.6568694463433
20220106_239_marius_vahter_ja_sven_kabanen_mikrobioomi_olulisusest_detoksist_ja_probiootikumidest,14,M,1.674666666666667,omadussõnad,11,394.108280254777
20220106_239_marius_vahter_ja_sven_kabanen_mikrobioomi_olulisusest_detoksist_ja_probiootikumidest,15,M,4.221833333333328,omadussõnad,41,582.6852473254122
20220106_239_marius_vahter_ja_sven_kabanen_mikrobioomi_olulisusest_detoksist_ja_probiootikumidest,16,M,8.25216666666667,omadussõnad,52,378.082523781633
20220106_239_marius_vahter_ja_sven_kabanen_mikrobioomi_olulisusest_detoksist_ja_probiootikumidest,17,M,7.815333333333334,omadussõnad,42,322.4430606500042
20220106_239_marius_vahter_ja_sven_kabanen_mikrobioomi_olulisusest_detoksist_ja_probiootikumidest,18,M,0.994666666666664,omadussõnad,7,422.2520107238617
20220106_239_marius_vahter_ja_sven_kabanen_mikrobioomi_olulisusest_detoksist_ja_probiootikumidest,19,M,7.805833333333331,omadussõnad,55,422.7607558449878
20220106_239_marius_vahter_ja_sven_kabanen_mikrobioomi_olulisusest_detoksist_ja_probiootikumidest,20,M,4.116166666666663,omadussõnad,25,364.4167307770178
20220106_239_marius_vahter_ja_sven_kabanen_mikrobioomi_olulisusest_detoksist_ja_probiootikumidest,21,M,5.381833333333338,omadussõnad,24,267.5668142826172
20220106_239_marius_vahter_ja_sven_kabanen_mikrobioomi_olulisusest_detoksist_ja_probiootikumidest,22,M,8.933833333333329,omadussõnad,47,315.6539745909745
20220106_239_marius_vahter_ja_sven_kabanen_mikrobioomi_olulisusest_detoksist_ja_probiootikumidest,23,M,3.5753333333333406,omadussõnad,21,352.4146932686922
20220106_239_marius_vahter_ja_sven_kabanen_mikrobioomi_olulisusest_detoksist_ja_probiootikumidest,24,M,7.124166666666664,omadussõnad,36,303.19335594806427
20220106_239_marius_vahter_ja_sven_kabanen_mikrobioomi_olulisusest_detoksist_ja_probiootikumidest,25,M,2.705000000000003,omadussõnad,17,377.07948243992564
20220106_239_marius_vahter_ja_sven_kabanen_mikrobioomi_olulisusest_detoksist_ja_probiootikumidest,26,M,1.4521666666666684,omadussõnad,13,537.1284287845741
20220106_239_marius_vahter_ja_sven_kabanen_mikrobioomi_olulisusest_detoksist_ja_probiootikumidest,27,M,12.972166666666665,omadussõnad,77,356.1471355337711
20220106_239_marius_vahter_ja_sven_kabanen_mikrobioomi_olulisusest_detoksist_ja_probiootikumidest,28,M,1.7690000000000057,omadussõnad,13,440.9270774448828
20220106_239_marius_vahter_ja_sven_kabanen_mikrobioomi_olulisusest_detoksist_ja_probiootikumidest,29,M,2.1721666666666652,omadussõnad,6,165.73313895496062
20220106_239_marius_vahter_ja_sven_kabanen_mikrobioomi_olulisusest_detoksist_ja_probiootikumidest,30,M,3.5978333333333317,omadussõnad,14,233.47385000231634
20220106_239_marius_vahter_ja_sven_kabanen_mikrobioomi_olulisusest_detoksist_ja_probiootikumidest,31,M,12.477833333333336,omadussõnad,79,379.8736425928646
20220114_2021_aasta_kokkuvte_epikoja_tegevjuhi_kohusetitjaga_tauno_asujaga,1,M,19.17216666666667,omadussõnad,135,422.48746012013936
20220203_dr_annika_uue_dr_aime_keis_kukkumise_traumadest_ja_emo_igapevasest_tst,0,F,23.404166666666665,omadussõnad,184,471.7108776927185
20220204_tahad_elada_oma_unistuste_elu_need_kaks_naist_aitavad_sul_seda_saavutada,0,F,0.1876666666666666,omadussõnad,5,1598.5790408525756
20220204_tahad_elada_oma_unistuste_elu_need_kaks_naist_aitavad_sul_seda_saavutada,1,F,40.18816666666667,omadussõnad,247,368.7652667244504
20220206_kollektiivne_katk_14006022022,2,M,14.377,omadussõnad,70,292.1332684148292
20220206_kollektiivne_katk_14006022022,6,M,15.423333333333334,omadussõnad,79,307.32656148692456
20220206_kollektiivne_katk_14006022022,12,M,0.8713333333333328,omadussõnad,2,137.71996939556243
20220206_kollektiivne_katk_14006022022,16,M,0.8841666666666659,omadussõnad,3,203.58152686145166
20220206_kollektiivne_katk_14006022022,18,M,40.13216666666667,omadussõnad,187,279.5762335283833
20220206_kollektiivne_katk_14006022022,26,M,13.609,omadussõnad,81,357.1166140054376
20220206_kollektiivne_katk_14006022022,28,M,1.3178333333333436,omadussõnad,11,500.82205640571254
20220206_kollektiivne_katk_14006022022,29,M,1.944999999999997,omadussõnad,9,277.6349614395891
20220216_kristina_kallas_eesti_200_ei_tegele_kersti_kaljulaiu_teemaga,0,F,20.730666666666668,omadussõnad,182,526.7558528428093
20220217_jrvamaa_ja_viljandimaa_kinnisvaraturu_levaade_ja_prognoos,0,F,1.5561666666666667,omadussõnad,8,308.4502516868373
20220217_jrvamaa_ja_viljandimaa_kinnisvaraturu_levaade_ja_prognoos,1,F,3.164166666666666,omadussõnad,10,189.62338688438246
20220217_jrvamaa_ja_viljandimaa_kinnisvaraturu_levaade_ja_prognoos,2,F,4.681,omadussõnad,28,358.89767143772696
20220217_jrvamaa_ja_viljandimaa_kinnisvaraturu_levaade_ja_prognoos,3,F,21.296,omadussõnad,106,298.64763335837716
20220220_podcast_noorteaken_15__anett_mnniste_tasuta_vlismaale,2,F,32.540166666666664,omadussõnad,227,418.5596263079989
20220222_annely_soots_tervislikust_ja_tisvrtuslikust_toitumisest,0,F,26.673,omadussõnad,215,483.6351366550444
20220223_kersti_kaljulaid_kas_mu_silmad_plevad_vimujanust,0,F,25.137,omadussõnad,207,494.09237379162187
20220304_prnumaa_ja_saarte_kinnisvaraturulevaade,0,F,11.884166666666667,omadussõnad,75,378.65507327676875
20220304_prnumaa_ja_saarte_kinnisvaraturulevaade,1,F,1.7738333333333325,omadussõnad,7,236.7753452973787
20220304_prnumaa_ja_saarte_kinnisvaraturulevaade,2,F,2.0890000000000004,omadussõnad,14,402.1062709430349
20220304_prnumaa_ja_saarte_kinnisvaraturulevaade,3,F,2.402666666666668,omadussõnad,12,299.667036625971
20220304_prnumaa_ja_saarte_kinnisvaraturulevaade,4,F,2.991333333333334,omadussõnad,12,240.69534209939826
20220304_prnumaa_ja_saarte_kinnisvaraturulevaade,5,F,0.3770000000000019,omadussõnad,1,159.15119363395144
20220304_prnumaa_ja_saarte_kinnisvaraturulevaade,6,F,0.7833333333333333,omadussõnad,4,306.3829787234043
20220304_prnumaa_ja_saarte_kinnisvaraturulevaade,7,F,0.5978333333333316,omadussõnad,4,401.44967939782674
20220304_prnumaa_ja_saarte_kinnisvaraturulevaade,8,F,1.7978333333333316,omadussõnad,11,367.10855659590277
20220304_prnumaa_ja_saarte_kinnisvaraturulevaade,9,F,2.7665,omadussõnad,19,412.07301644677386
20220306_podcast_noorteaken_16__eva_maria_hanson_eluks_valmis,2,F,27.668166666666668,omadussõnad,175,379.4974971236499
20220308_sodiaagisosinad_07031303_tundekllane_ndalalpp_loob_unenolise_atmosfri,0,F,17.593000000000004,omadussõnad,126,429.71636446313863
20220308_sodiaagisosinad_07031303_tundekllane_ndalalpp_loob_unenolise_atmosfri,1,F,3.3610000000000015,omadussõnad,22,392.74025587622714
20220308_sodiaagisosinad_07031303_tundekllane_ndalalpp_loob_unenolise_atmosfri,2,F,15.383333333333333,omadussõnad,100,390.03250270855904
20220308_sodiaagisosinad_07031303_tundekllane_ndalalpp_loob_unenolise_atmosfri,4,F,2.3818333333333386,omadussõnad,21,529.0042684206832
