episode_id,section_index,gender,minutes,sÃµnaliik,raw_count,freq_per_60_min
20190101_mehed_ei_nuta_suur_uusaastasaade_absoluutne_tde_ehk_eelmise_spordiaasta_top25_edetabel,0,M,0.186,verbid,2,645.1612903225806
20190101_mehed_ei_nuta_suur_uusaastasaade_absoluutne_tde_ehk_eelmise_spordiaasta_top25_edetabel,1,M,6.895333333333334,verbid,171,1487.9628734409746
20190101_mehed_ei_nuta_suur_uusaastasaade_absoluutne_tde_ehk_eelmise_spordiaasta_top25_edetabel,2,M,38.38016666666667,verbid,1133,1771.2273266140062
20190101_mehed_ei_nuta_suur_uusaastasaade_absoluutne_tde_ehk_eelmise_spordiaasta_top25_edetabel,3,M,1.4586666666666663,verbid,51,2097.806215722121
20190101_mehed_ei_nuta_suur_uusaastasaade_absoluutne_tde_ehk_eelmise_spordiaasta_top25_edetabel,4,M,70.77066666666666,verbid,2071,1755.8122009118658
20190101_mehed_ei_nuta_suur_uusaastasaade_absoluutne_tde_ehk_eelmise_spordiaasta_top25_edetabel,5,M,0.919333333333346,verbid,26,1696.8817984046177
20190101_mehed_ei_nuta_suur_uusaastasaade_absoluutne_tde_ehk_eelmise_spordiaasta_top25_edetabel,6,M,0.2809999999999945,verbid,4,854.0925266904081
20190102_58_saade__ajurveeda_edendaja_kaja_keil,0,F,43.91566666666667,verbid,1151,1572.5595269721512
20190102_esialgu_nimeta_podcast_ep_2,0,M,1.714,verbid,22,770.1283547257876
20190102_esialgu_nimeta_podcast_ep_2,1,M,1.777,verbid,42,1418.1204276871129
20190102_esialgu_nimeta_podcast_ep_2,3,M,1.5433333333333337,verbid,38,1477.3218142548592
20190102_esialgu_nimeta_podcast_ep_2,4,M,0.2233333333333339,verbid,3,805.9701492537291
20190102_esialgu_nimeta_podcast_ep_2,5,M,2.9161666666666664,verbid,61,1255.0722981082472
20190102_esialgu_nimeta_podcast_ep_2,6,M,0.2553333333333332,verbid,7,1644.90861618799
20190102_esialgu_nimeta_podcast_ep_2,7,M,0.0793333333333341,verbid,2,1512.6050420167917
20190102_esialgu_nimeta_podcast_ep_2,8,M,0.4810000000000002,verbid,10,1247.401247401247
20190102_esialgu_nimeta_podcast_ep_2,9,M,0.3786666666666671,verbid,13,2059.859154929575
20190102_esialgu_nimeta_podcast_ep_2,11,M,1.0490000000000008,verbid,28,1601.5252621544316
20190102_esialgu_nimeta_podcast_ep_2,12,M,13.065,verbid,357,1639.4948335246843
20190102_esialgu_nimeta_podcast_ep_2,13,M,14.116166666666665,verbid,373,1585.4162485093927
20190102_esialgu_nimeta_podcast_ep_2,14,M,2.2681666666666613,verbid,49,1296.2010434271467
20190102_esialgu_nimeta_podcast_ep_2,15,M,5.465000000000002,verbid,176,1932.2964318389747
20190102_esialgu_nimeta_podcast_ep_2,16,M,1.425,verbid,42,1768.4210526315787
20190102_esialgu_nimeta_podcast_ep_2,17,M,1.8841666666666697,verbid,68,2165.413533834583
20190102_esialgu_nimeta_podcast_ep_2,18,M,1.5386666666666693,verbid,44,1715.7712305025966
20190102_esialgu_nimeta_podcast_ep_2,19,M,1.600999999999999,verbid,51,1911.3054341036861
20190102_esialgu_nimeta_podcast_ep_2,20,M,0.1866666666666712,verbid,3,964.2857142856908
20190102_esialgu_nimeta_podcast_ep_2,22,M,0.7818333333333309,verbid,20,1534.85397569815
20190102_esialgu_nimeta_podcast_ep_2,23,M,1.2426666666666657,verbid,33,1593.3476394849797
20190102_esialgu_nimeta_podcast_ep_2,24,M,0.0433333333333318,verbid,1,1384.6153846154332
20190102_esialgu_nimeta_podcast_ep_4,0,M,4.7108333333333325,verbid,145,1846.8070051300197
20190102_esialgu_nimeta_podcast_ep_4,1,M,5.327333333333334,verbid,174,1959.70466775122
20190102_esialgu_nimeta_podcast_ep_4,2,M,37.60733333333334,verbid,1247,1989.505592880821
20190102_esialgu_nimeta_podcast_ep_4,3,M,5.818666666666664,verbid,169,1742.6672777268568
20190102_esialgu_nimeta_podcast_ep_4,4,M,4.514666666666669,verbid,154,2046.6627288836378
20190108_mehed_ei_nuta_aasta_suured_ksimused__kas_tnak_vidab_tiitli_kas_kirt_viskab_90_meetrit,0,M,0.1845,verbid,2,650.4065040650406
20190108_mehed_ei_nuta_aasta_suured_ksimused__kas_tnak_vidab_tiitli_kas_kirt_viskab_90_meetrit,1,M,24.004166666666663,verbid,724,1809.6858184342996
20190108_mehed_ei_nuta_aasta_suured_ksimused__kas_tnak_vidab_tiitli_kas_kirt_viskab_90_meetrit,2,M,21.29866666666667,verbid,628,1769.1248278452483
20190108_mehed_ei_nuta_aasta_suured_ksimused__kas_tnak_vidab_tiitli_kas_kirt_viskab_90_meetrit,3,M,4.30016666666667,verbid,124,1730.1654974613373
20190108_mehed_ei_nuta_aasta_suured_ksimused__kas_tnak_vidab_tiitli_kas_kirt_viskab_90_meetrit,4,M,5.474666666666667,verbid,162,1775.4505601558694
20190108_mehed_ei_nuta_aasta_suured_ksimused__kas_tnak_vidab_tiitli_kas_kirt_viskab_90_meetrit,5,M,20.710666666666665,verbid,582,1686.0876842850705
20190109_59_saade__astroloog_taimi_uuesoo_tutvustab_meile_13_thtkuju,0,F,0.9045,verbid,17,1127.6948590381426
20190109_59_saade__astroloog_taimi_uuesoo_tutvustab_meile_13_thtkuju,1,F,41.34983333333333,verbid,1469,2131.568446466935
20190115_mehed_ei_nuta_kas_ott_tnak_peaks_olema_aeglasem_kas_lati_alt_jooksis_kullame_vi_klubi_omanik,0,M,0.1845,verbid,2,650.4065040650406
20190115_mehed_ei_nuta_kas_ott_tnak_peaks_olema_aeglasem_kas_lati_alt_jooksis_kullame_vi_klubi_omanik,1,M,4.868166666666666,verbid,163,2008.9698380636107
20190115_mehed_ei_nuta_kas_ott_tnak_peaks_olema_aeglasem_kas_lati_alt_jooksis_kullame_vi_klubi_omanik,2,M,14.613833333333332,verbid,431,1769.5562423730942
20190115_mehed_ei_nuta_kas_ott_tnak_peaks_olema_aeglasem_kas_lati_alt_jooksis_kullame_vi_klubi_omanik,3,M,8.922666666666665,verbid,250,1681.1117752540351
20190115_mehed_ei_nuta_kas_ott_tnak_peaks_olema_aeglasem_kas_lati_alt_jooksis_kullame_vi_klubi_omanik,5,M,8.005833333333332,verbid,254,1903.611949620069
20190115_mehed_ei_nuta_kas_ott_tnak_peaks_olema_aeglasem_kas_lati_alt_jooksis_kullame_vi_klubi_omanik,6,M,20.665000000000003,verbid,531,1541.7372368739411
20190115_mehed_ei_nuta_kas_ott_tnak_peaks_olema_aeglasem_kas_lati_alt_jooksis_kullame_vi_klubi_omanik,7,M,1.978666666666671,verbid,70,2122.6415094339577
20190115_mehed_ei_nuta_kas_ott_tnak_peaks_olema_aeglasem_kas_lati_alt_jooksis_kullame_vi_klubi_omanik,8,M,5.863333333333336,verbid,170,1739.624786810687
20190117_61_saade__veedatar_alexis_varnum_aitab_sul_leida_endale_ideaalse_maailma,0,F,41.64533333333333,verbid,1282,1847.025677146699
20190204_63_saade__niad_helve_ja_liina_soovitavad_armastust_maagiaga_mitte_meelitada,0,F,36.162,verbid,1140,1891.4883026381285
20190204_63_saade__niad_helve_ja_liina_soovitavad_armastust_maagiaga_mitte_meelitada,1,F,6.474666666666667,verbid,189,1751.4415156507416
20190307_67_saade_rgime_kogukonnast_kus_kik_mehed_on_naistele_truud,0,F,1.546,verbid,33,1280.724450194049
20190307_67_saade_rgime_kogukonnast_kus_kik_mehed_on_naistele_truud,1,F,5.028166666666667,verbid,79,942.689515728065
20190307_67_saade_rgime_kogukonnast_kus_kik_mehed_on_naistele_truud,2,F,0.7946666666666667,verbid,9,679.5302013422818
20190307_67_saade_rgime_kogukonnast_kus_kik_mehed_on_naistele_truud,3,F,12.514666666666669,verbid,308,1476.667376944385
20190307_67_saade_rgime_kogukonnast_kus_kik_mehed_on_naistele_truud,4,F,13.447333333333331,verbid,294,1311.784244707749
20190307_67_saade_rgime_kogukonnast_kus_kik_mehed_on_naistele_truud,6,F,6.178666666666663,verbid,116,1126.4566249460515
20190408_68_saade__hingamisterapeudid_annavad_npuniteid_kuidas_end_terveks_ja_nnelikuks_hingata,0,F,39.77,verbid,1231,1857.178777973347
20190408_68_saade__hingamisterapeudid_annavad_npuniteid_kuidas_end_terveks_ja_nnelikuks_hingata,1,F,2.1498333333333295,verbid,55,1535.0027133886376
20190408_71_saade__klas_kis_veider_kerglane_hullumeelne_ja_leldse_defineerimatu_kaidi_karilaid,0,F,7.418,verbid,255,2062.550552709625
20190408_71_saade__klas_kis_veider_kerglane_hullumeelne_ja_leldse_defineerimatu_kaidi_karilaid,1,F,8.890666666666668,verbid,302,2038.092381523695
20190408_71_saade__klas_kis_veider_kerglane_hullumeelne_ja_leldse_defineerimatu_kaidi_karilaid,2,F,11.229833333333334,verbid,380,2030.3061784829101
20190408_71_saade__klas_kis_veider_kerglane_hullumeelne_ja_leldse_defineerimatu_kaidi_karilaid,3,F,0.1481666666666645,verbid,5,2024.7469066366994
20190408_71_saade__klas_kis_veider_kerglane_hullumeelne_ja_leldse_defineerimatu_kaidi_karilaid,4,F,3.7001666666666666,verbid,132,2140.444124138552
20190408_71_saade__klas_kis_veider_kerglane_hullumeelne_ja_leldse_defineerimatu_kaidi_karilaid,5,F,12.764166666666664,verbid,461,2167.0039825031013
20190417_73_saade__risti_nia_maagilised_vlusnumid_rasketeks_hetkedeks,0,F,2.8245,verbid,72,1529.4742432288901
20190417_73_saade__risti_nia_maagilised_vlusnumid_rasketeks_hetkedeks,1,F,12.842666666666668,verbid,428,1999.5847176079733
20190417_73_saade__risti_nia_maagilised_vlusnumid_rasketeks_hetkedeks,2,F,4.082666666666667,verbid,172,2527.759634225996
20190417_73_saade__risti_nia_maagilised_vlusnumid_rasketeks_hetkedeks,3,F,0.6106666666666684,verbid,13,1277.2925764192105
20190417_73_saade__risti_nia_maagilised_vlusnumid_rasketeks_hetkedeks,4,F,22.668166666666664,verbid,802,2122.800697012698
20190823_90_saade__hundiuurija_laura_kiiroja_arutleb_kas_eestlased_vrivad_oma_rahvuslooma,0,F,9.627666666666666,verbid,281,1751.2031298687812
20190823_90_saade__hundiuurija_laura_kiiroja_arutleb_kas_eestlased_vrivad_oma_rahvuslooma,1,F,23.29866666666667,verbid,553,1424.1158292320017
20190823_90_saade__hundiuurija_laura_kiiroja_arutleb_kas_eestlased_vrivad_oma_rahvuslooma,2,F,6.433000000000004,verbid,168,1566.9205658324256
20190823_90_saade__hundiuurija_laura_kiiroja_arutleb_kas_eestlased_vrivad_oma_rahvuslooma,3,F,3.386666666666671,verbid,81,1435.039370078738
20190904_bipolaarne_vandenud_1,0,M,10.242,verbid,339,1985.9402460456945
20190904_bipolaarne_vandenud_1,1,M,19.144999999999996,verbid,579,1814.5729955601987
20190904_bipolaarne_vandenud_1,2,M,1.5081666666666669,verbid,31,1233.2854459056248
20190904_bipolaarne_vandenud_1,3,M,23.900166666666664,verbid,756,1897.894714820678
20190904_bipolaarne_vandenud_1,4,M,1.1146666666666685,verbid,40,2153.110047846886
20190904_bipolaarne_vandenud_1,5,M,1.8810000000000024,verbid,51,1626.7942583732038
20190904_bipolaarne_vandenud_1,6,M,0.4906666666666676,verbid,17,2078.804347826083
20190904_bipolaarne_vandenud_1,7,M,5.0089999999999995,verbid,116,1389.4989019764425
20190908_bipolaarne_armastus_2,0,M,21.2325,verbid,677,1913.1049099258212
20190908_bipolaarne_armastus_2,1,M,0.9193333333333348,verbid,25,1631.6171138506143
20190908_bipolaarne_armastus_2,2,M,20.148166666666665,verbid,665,1980.3290621975532
20190908_bipolaarne_armastus_2,3,M,4.2330000000000005,verbid,169,2395.4642097802976
20190908_bipolaarne_armastus_2,4,M,3.4393333333333356,verbid,115,2006.202752471408
20191223_arcopod_s1e1_leanika_2019,0,F,45.16716666666667,verbid,1469,1951.417511983262
20200105_episood_47__vilkurid_ja_lennukid,0,M,0.3668333333333333,verbid,4,654.2480690595183
20200105_episood_47__vilkurid_ja_lennukid,1,M,7.962666666666666,verbid,193,1454.286671131949
20200105_episood_47__vilkurid_ja_lennukid,2,M,0.4921666666666662,verbid,10,1219.0992211310543
20200105_episood_47__vilkurid_ja_lennukid,3,M,4.665,verbid,133,1710.6109324758843
20200105_episood_47__vilkurid_ja_lennukid,4,M,1.0666666666666669,verbid,30,1687.5
20200105_episood_47__vilkurid_ja_lennukid,5,M,0.7913333333333337,verbid,14,1061.499578770008
20200105_episood_47__vilkurid_ja_lennukid,6,M,5.688999999999998,verbid,147,1550.3603445245215
20200105_episood_47__vilkurid_ja_lennukid,7,M,0.4138333333333321,verbid,8,1159.887233185666
20200105_episood_47__vilkurid_ja_lennukid,8,M,17.665000000000003,verbid,425,1443.5324087178033
20200105_episood_47__vilkurid_ja_lennukid,9,M,2.5386666666666695,verbid,67,1583.5084033613427
20200105_episood_47__vilkurid_ja_lennukid,10,M,2.975333333333333,verbid,82,1653.5962357158865
20200105_episood_47__vilkurid_ja_lennukid,11,M,9.482666666666669,verbid,235,1486.9235095613049
20200105_episood_47__vilkurid_ja_lennukid,12,M,5.412166666666667,verbid,116,1285.9914390416654
20200105_episood_47__vilkurid_ja_lennukid,13,M,0.520999999999996,verbid,16,1842.6103646833153
20200105_episood_47__vilkurid_ja_lennukid,14,M,0.5689999999999978,verbid,14,1476.2741652021145
20200105_episood_47__vilkurid_ja_lennukid,15,M,1.1386666666666618,verbid,27,1422.7166276346663
20200105_episood_47__vilkurid_ja_lennukid,17,M,0.3946666666666639,verbid,9,1368.2432432432524
20200105_episood_47__vilkurid_ja_lennukid,18,M,0.8281666666666676,verbid,17,1231.6361440933774
20200105_episood_47__vilkurid_ja_lennukid,19,M,0.2906666666666676,verbid,7,1444.9541284403626
20200105_episood_47__vilkurid_ja_lennukid,20,M,5.591333333333334,verbid,137,1470.1323476809346
20200105_episood_47__vilkurid_ja_lennukid,21,M,7.128999999999996,verbid,181,1523.355309300043
20200105_episood_47__vilkurid_ja_lennukid,22,M,2.0489999999999933,verbid,48,1405.56368960469
20200105_episood_47__vilkurid_ja_lennukid,23,M,0.625,verbid,18,1728.0
20200105_episood_47__vilkurid_ja_lennukid,24,M,0.4953333333333375,verbid,13,1574.6971736204441
20200105_episood_47__vilkurid_ja_lennukid,25,M,2.0073333333333268,verbid,62,1853.204915310534
20200105_episood_47__vilkurid_ja_lennukid,26,M,1.9721666666666655,verbid,57,1734.1333558691804
20200105_episood_47__vilkurid_ja_lennukid,27,M,2.711333333333338,verbid,67,1482.6653552987434
20200105_episood_47__vilkurid_ja_lennukid,28,M,7.664999999999994,verbid,195,1526.4187866927605
20200105_episood_47__vilkurid_ja_lennukid,29,M,2.898666666666668,verbid,68,1407.5436982520691
20200105_episood_47__vilkurid_ja_lennukid,30,M,2.0393333333333277,verbid,54,1588.754494932989
20200105_episood_47__vilkurid_ja_lennukid,31,M,2.5273333333333388,verbid,58,1376.945396992875
20200105_episood_47__vilkurid_ja_lennukid,32,M,3.098666666666668,verbid,50,968.1583476764197
20200105_episood_47__vilkurid_ja_lennukid,33,M,1.641000000000001,verbid,36,1316.2705667276048
20200105_episood_47__vilkurid_ja_lennukid,34,M,1.0073333333333268,verbid,16,953.0112508272729
20200105_episood_47__vilkurid_ja_lennukid,36,M,2.4009999999999914,verbid,61,1524.3648479800138
20200105_episood_47__vilkurid_ja_lennukid,37,M,2.1353333333333313,verbid,52,1461.1301904464578
20200105_saaga_jtkub_20__040_05012020,4,M,2.393,verbid,54,1353.9490179690765
20200105_saaga_jtkub_20__040_05012020,11,M,0.2393333333333335,verbid,6,1504.1782729804997
20200105_saaga_jtkub_20__040_05012020,13,M,0.7449999999999998,verbid,28,2255.033557046981
20200105_saaga_jtkub_20__040_05012020,14,M,0.0569999999999993,verbid,1,1052.631578947381
20200105_saaga_jtkub_20__040_05012020,15,M,0.8698333333333333,verbid,24,1655.4895573864726
20200105_saaga_jtkub_20__040_05012020,16,M,1.818666666666668,verbid,35,1154.6920821114363
20200105_saaga_jtkub_20__040_05012020,19,M,4.261833333333334,verbid,43,605.3732744124203
20200105_saaga_jtkub_20__040_05012020,22,M,1.850666666666666,verbid,73,2366.7146974063407
20200105_saaga_jtkub_20__040_05012020,23,M,1.588166666666666,verbid,40,1511.1764088571733
20200105_saaga_jtkub_20__040_05012020,25,M,2.183333333333333,verbid,42,1154.1984732824428
20200105_saaga_jtkub_20__040_05012020,27,M,0.5481666666666646,verbid,11,1204.0133779264258
20200105_saaga_jtkub_20__040_05012020,28,M,4.0426666666666655,verbid,21,311.6754617414249
20200105_saaga_jtkub_20__040_05012020,30,M,4.597833333333331,verbid,58,756.8782397506075
20200105_saaga_jtkub_20__040_05012020,33,M,1.6570000000000011,verbid,29,1050.0905250452618
20200105_saaga_jtkub_20__040_05012020,53,M,0.7673333333333328,verbid,20,1563.8575152041715
20200105_saaga_jtkub_20__040_05012020,54,M,0.8953333333333375,verbid,11,737.1556217423644
20200105_saaga_jtkub_20__040_05012020,76,M,3.2906666666666675,verbid,79,1440.437601296596
20200105_saaga_jtkub_20__040_05012020,95,M,2.161000000000006,verbid,38,1055.0670985654765
20200105_saaga_jtkub_20__040_05012020,96,M,0.7833333333333333,verbid,21,1608.5106382978724
20200105_saaga_jtkub_20__040_05012020,97,M,0.0473333333333357,verbid,1,1267.605633802752
20200105_saaga_jtkub_20__040_05012020,98,M,0.7513333333333321,verbid,21,1677.0186335403755
20200105_saaga_jtkub_20__040_05012020,99,M,0.1513333333333321,verbid,7,2775.330396475793
20200105_saaga_jtkub_20__040_05012020,100,M,0.1801666666666657,verbid,3,999.0749306198015
20200105_saaga_jtkub_20__040_05012020,101,M,0.050666666666666,verbid,1,1184.2105263158037
20200105_saaga_jtkub_20__040_05012020,102,M,0.0906666666666675,verbid,1,661.7647058823463
20200105_saaga_jtkub_20__040_05012020,104,M,0.2778333333333345,verbid,10,2159.568086382714
20200105_saaga_jtkub_20__040_05012020,105,M,1.8586666666666665,verbid,33,1065.2797704447632
20200105_saaga_jtkub_20__040_05012020,118,M,1.978666666666671,verbid,63,1910.3773584905618
20200112_kekkonenis_takeover__041_12012020,2,M,0.2489999999999999,verbid,10,2409.6385542168678
20200112_kekkonenis_takeover__041_12012020,4,M,2.353,verbid,43,1096.4725881852953
20200112_kekkonenis_takeover__041_12012020,6,M,1.5578333333333334,verbid,30,1155.4509468278593
20200112_kekkonenis_takeover__041_12012020,7,M,5.909833333333334,verbid,49,497.4759581488479
20200112_kekkonenis_takeover__041_12012020,9,M,0.5913333333333336,verbid,2,202.93122886133025
20200112_kekkonenis_takeover__041_12012020,10,M,0.0713333333333328,verbid,1,841.1214953271082
20200112_kekkonenis_takeover__041_12012020,13,M,0.2090000000000013,verbid,1,287.0813397129169
20200112_kekkonenis_takeover__041_12012020,14,M,0.0553333333333322,verbid,1,1084.3373493976112
20200112_kekkonenis_takeover__041_12012020,15,M,0.0986666666666659,verbid,2,1216.2162162162244
20200112_kekkonenis_takeover__041_12012020,16,M,0.0729999999999999,verbid,1,821.9178082191789
20200112_kekkonenis_takeover__041_12012020,17,M,0.048999999999999,verbid,1,1224.4897959183918
20200112_kekkonenis_takeover__041_12012020,19,M,0.898666666666666,verbid,11,734.4213649851638
20200112_kekkonenis_takeover__041_12012020,30,M,1.6538333333333337,verbid,35,1269.7772850952329
20200112_kekkonenis_takeover__041_12012020,51,M,2.367333333333333,verbid,53,1343.2835820895525
20200112_kekkonenis_takeover__041_12012020,53,M,0.0970000000000027,verbid,1,618.5567010309105
20200112_kekkonenis_takeover__041_12012020,55,M,0.0666666666666666,verbid,1,900.0
20200112_kekkonenis_takeover__041_12012020,56,M,1.1113333333333306,verbid,25,1349.7300539892055
20200112_kekkonenis_takeover__041_12012020,57,M,0.1498333333333334,verbid,3,1201.334816462735
20200112_kekkonenis_takeover__041_12012020,59,M,0.3209999999999998,verbid,7,1308.4112149532718
20200112_kekkonenis_takeover__041_12012020,64,M,0.2410000000000006,verbid,3,746.8879668049774
20200112_kekkonenis_takeover__041_12012020,65,M,0.1161666666666671,verbid,3,1549.4978479196495
20200112_kekkonenis_takeover__041_12012020,66,M,0.1306666666666691,verbid,4,1836.7346938775167
20200112_kekkonenis_takeover__041_12012020,67,M,0.1689999999999978,verbid,8,2840.236686390568
20200112_kekkonenis_takeover__041_12012020,68,M,0.1578333333333338,verbid,5,1900.739176346351
20200112_kekkonenis_takeover__041_12012020,69,M,3.1498333333333375,verbid,79,1504.841526006665
20200112_kekkonenis_takeover__041_12012020,90,M,2.1129999999999955,verbid,39,1107.4301940369166
20200112_kekkonenis_takeover__041_12012020,101,M,1.485833333333335,verbid,29,1171.060011217049
20200112_kekkonenis_takeover__041_12012020,104,M,0.0473333333333357,verbid,1,1267.605633802752
20200112_kekkonenis_takeover__041_12012020,105,M,0.1321666666666639,verbid,1,453.9722572509552
20200112_kekkonenis_takeover__041_12012020,106,M,0.6841666666666697,verbid,10,876.9792935444541
20200112_kekkonenis_takeover__041_12012020,107,M,0.4153333333333269,verbid,2,288.9245585874844
20200112_kekkonenis_takeover__041_12012020,109,M,0.3529999999999972,verbid,10,1699.7167138810332
20200112_kekkonenis_takeover__041_12012020,110,M,0.2938333333333351,verbid,1,204.19739081111615
20200112_kekkonenis_takeover__041_12012020,111,M,3.5673333333333326,verbid,66,1110.072883573164
20200112_kekkonenis_takeover__041_12012020,112,M,4.231333333333335,verbid,59,836.6157239640771
20200112_kekkonenis_takeover__041_12012020,113,M,2.151333333333332,verbid,6,167.33808490858394
20200112_kekkonenis_takeover__041_12012020,114,M,7.581833333333331,verbid,88,696.4014860082216
20200116_112_saade__astroloog_anu_kallavus_teab_mis_on_veevalajaajastul_teisiti_kui_kaladeajastul,1,F,53.22666666666667,verbid,1587,1788.9529058116232
20200124_114_saade__meisterpetaja_kristiina_raie_rgib_teekonnast_peale_keha_surma,1,F,31.314666666666668,verbid,942,1804.9050498169122
20200124_114_saade__meisterpetaja_kristiina_raie_rgib_teekonnast_peale_keha_surma,2,F,28.689000000000004,verbid,962,2011.9209453100489
20200319_kinnisvaraintervjuu_01_tnu_toompark_kinnisvarakool_o_ja_anton_nikitin_ecoadvice_o,0,M,8.516166666666667,verbid,231,1627.4928077969353
20200319_kinnisvaraintervjuu_01_tnu_toompark_kinnisvarakool_o_ja_anton_nikitin_ecoadvice_o,1,M,2.3593333333333333,verbid,66,1678.440237355185
20200326_kinnisvaraintervjuu_03_tnu_toompark_kinnisvarakool_ja_jaan_liitme_domus_fnd_o,0,M,14.496999999999998,verbid,379,1568.600400082776
20200330_1_lle_madise_intervjuus_eesti_inimeste_igusi_ei_tohi_ikka_grammigi_rohkem_piirata,0,F,11.714,verbid,358,1833.7032610551475
20200330_1_lle_madise_intervjuus_eesti_inimeste_igusi_ei_tohi_ikka_grammigi_rohkem_piirata,1,F,10.887333333333336,verbid,345,1901.292021309166
20200330_1_lle_madise_intervjuus_eesti_inimeste_igusi_ei_tohi_ikka_grammigi_rohkem_piirata,2,F,1.4676666666666658,verbid,44,1798.7735634794471
20200407_1__linnulauluhommikud,0,M,5.128,verbid,74,865.8346333853353
20200408_kinnisvaraintervjuu_04_tnu_toompark_kinnisvarakool_ja_mart_saa_laam_kinnisvara,0,M,14.914666666666667,verbid,444,1786.1612730198462
20200412_puhas_eesti_episood__050_12042020,3,M,2.609,verbid,78,1793.790724415485
20200412_puhas_eesti_episood__050_12042020,5,M,2.137,verbid,50,1403.8371548900327
20200412_puhas_eesti_episood__050_12042020,6,M,1.471333333333333,verbid,29,1182.6008155867696
20200412_puhas_eesti_episood__050_12042020,7,M,7.231333333333334,verbid,118,979.0725546233982
20200412_puhas_eesti_episood__050_12042020,8,M,0.8538333333333337,verbid,22,1545.9691586960757
20200412_puhas_eesti_episood__050_12042020,13,M,0.5609999999999995,verbid,13,1390.3743315508032
20200412_puhas_eesti_episood__050_12042020,14,M,0.826666666666667,verbid,27,1959.677419354838
20200412_puhas_eesti_episood__050_12042020,15,M,0.6106666666666646,verbid,9,884.2794759825358
20200412_puhas_eesti_episood__050_12042020,16,M,0.7898333333333312,verbid,15,1139.4809031441266
20200412_puhas_eesti_episood__050_12042020,17,M,1.1081666666666667,verbid,20,1082.8696044517972
20200412_puhas_eesti_episood__050_12042020,18,M,3.615333333333331,verbid,88,1460.446247464504
20200412_puhas_eesti_episood__050_12042020,23,M,0.575333333333333,verbid,9,938.586326767092
20200412_puhas_eesti_episood__050_12042020,24,M,0.4073333333333342,verbid,9,1325.695581014727
20200412_puhas_eesti_episood__050_12042020,25,M,0.1641666666666651,verbid,3,1096.4467005076244
20200412_puhas_eesti_episood__050_12042020,26,M,0.4410000000000006,verbid,17,2312.9251700680243
20200412_puhas_eesti_episood__050_12042020,27,M,0.0489999999999971,verbid,2,2448.979591836878
20200412_puhas_eesti_episood__050_12042020,28,M,0.0761666666666656,verbid,2,1575.492341356696
20200412_puhas_eesti_episood__050_12042020,29,M,0.3961666666666664,verbid,11,1665.9655027345405
20200412_puhas_eesti_episood__050_12042020,30,M,0.2361666666666678,verbid,7,1778.4050811573654
20200412_puhas_eesti_episood__050_12042020,32,M,0.5033333333333341,verbid,6,715.2317880794692
20200412_puhas_eesti_episood__050_12042020,33,M,0.3833333333333333,verbid,5,782.6086956521739
20200412_puhas_eesti_episood__050_12042020,34,M,0.2698333333333342,verbid,11,2445.954292773308
20200412_puhas_eesti_episood__050_12042020,35,M,0.3049999999999992,verbid,6,1180.327868852462
20200412_puhas_eesti_episood__050_12042020,36,M,0.575333333333333,verbid,19,1981.4600231749723
20200412_puhas_eesti_episood__050_12042020,37,M,0.0889999999999986,verbid,1,674.1573033707969
20200412_puhas_eesti_episood__050_12042020,39,M,0.6730000000000018,verbid,8,713.2243684992552
20200412_puhas_eesti_episood__050_12042020,40,M,0.050666666666666,verbid,3,3552.631578947411
20200412_puhas_eesti_episood__050_12042020,42,M,0.8169999999999997,verbid,7,514.075887392901
20200412_puhas_eesti_episood__050_12042020,43,M,0.4538333333333336,verbid,8,1057.656995960337
20200412_puhas_eesti_episood__050_12042020,45,M,0.9386666666666656,verbid,21,1342.3295454545469
20200412_puhas_eesti_episood__050_12042020,47,M,4.47466666666667,verbid,139,1863.825983313467
20200412_puhas_eesti_episood__050_12042020,48,M,1.479333333333337,verbid,21,851.7350157728686
20200412_puhas_eesti_episood__050_12042020,49,M,6.218666666666665,verbid,128,1234.9914236706693
20200412_puhas_eesti_episood__050_12042020,50,M,1.770666666666663,verbid,61,2067.018072289161
20200412_puhas_eesti_episood__050_12042020,51,M,1.129000000000004,verbid,21,1116.0318866253283
20200412_puhas_eesti_episood__050_12042020,52,M,0.0921666666666624,verbid,2,1301.9891500904757
20200412_puhas_eesti_episood__050_12042020,54,M,2.412166666666667,verbid,46,1144.1995439784425
20200412_puhas_eesti_episood__050_12042020,55,M,2.8778333333333346,verbid,54,1125.8469913708225
20200412_puhas_eesti_episood__050_12042020,56,M,4.0138333333333325,verbid,76,1136.0710874891004
20200412_puhas_eesti_episood__050_12042020,57,M,0.9706666666666706,verbid,31,1916.2087912087836
20200412_puhas_eesti_episood__050_12042020,58,M,0.944999999999997,verbid,32,2031.7460317460384
20200412_puhas_eesti_episood__050_12042020,59,M,0.3401666666666718,verbid,8,1411.0730034296698
20200412_puhas_eesti_episood__050_12042020,60,M,2.737000000000004,verbid,65,1424.917793204236
20200412_puhas_eesti_episood__050_12042020,61,M,3.7418333333333296,verbid,91,1459.1777649102505
20200413_kinnisvaraintervjuu_05_tnu_toompark_kinnisvarakool_ja_neeme_liivlaid_goodson__red,0,M,1.2586666666666668,verbid,24,1144.0677966101694
20200413_kinnisvaraintervjuu_05_tnu_toompark_kinnisvarakool_ja_neeme_liivlaid_goodson__red,1,M,3.7433333333333336,verbid,89,1426.5360641139803
20200413_kinnisvaraintervjuu_05_tnu_toompark_kinnisvarakool_ja_neeme_liivlaid_goodson__red,2,M,3.281,verbid,72,1316.6717464187748
20200413_kinnisvaraintervjuu_05_tnu_toompark_kinnisvarakool_ja_neeme_liivlaid_goodson__red,3,M,2.255333333333333,verbid,47,1250.369494531481
20200413_kinnisvaraintervjuu_05_tnu_toompark_kinnisvarakool_ja_neeme_liivlaid_goodson__red,4,M,0.7961666666666664,verbid,17,1281.1387900355876
20200413_kinnisvaraintervjuu_05_tnu_toompark_kinnisvarakool_ja_neeme_liivlaid_goodson__red,5,M,1.0586666666666664,verbid,25,1416.8765743073052
20200413_kinnisvaraintervjuu_05_tnu_toompark_kinnisvarakool_ja_neeme_liivlaid_goodson__red,6,M,1.327333333333333,verbid,40,1808.1366147664494
20200413_kinnisvaraintervjuu_05_tnu_toompark_kinnisvarakool_ja_neeme_liivlaid_goodson__red,7,M,6.552999999999999,verbid,163,1492.446207843736
20200413_kinnisvaraintervjuu_05_tnu_toompark_kinnisvarakool_ja_neeme_liivlaid_goodson__red,8,M,2.2521666666666684,verbid,45,1198.845556131132
20200422_kinnisvaraintervjuu_07_tnu_toompark_kinnisvarakool_ja_andree_raid_raid__ko,0,M,13.490666666666668,verbid,289,1285.3330697766357
20200422_kinnisvaraintervjuu_07_tnu_toompark_kinnisvarakool_ja_andree_raid_raid__ko,1,M,6.617000000000002,verbid,137,1242.2547982469393
20200424_kinnisvaraintervjuu_08_tnu_toompark_kinnisvarakool_ja_kaspar_kajuvee_estateguru_o,0,M,16.410666666666668,verbid,370,1352.7786805329865
20200424_kinnisvaraintervjuu_08_tnu_toompark_kinnisvarakool_ja_kaspar_kajuvee_estateguru_o,1,M,2.588166666666668,verbid,59,1367.7635391847505
20200426_6__ndala_soovitus_mine_roostikulinde_kuulama,0,M,5.1498333333333335,verbid,85,990.323311434027
20200505_episood_10__estpluatatsioon_november__malev,0,M,5.723666666666667,verbid,153,1603.866985032904
20200505_episood_10__estpluatatsioon_november__malev,2,M,0.6458333333333334,verbid,13,1207.741935483871
20200505_episood_10__estpluatatsioon_november__malev,3,M,0.0810000000000002,verbid,1,740.7407407407387
20200505_episood_10__estpluatatsioon_november__malev,4,M,0.2073333333333333,verbid,3,868.1672025723474
20200505_episood_10__estpluatatsioon_november__malev,5,M,0.3818333333333328,verbid,7,1099.9563509384564
20200505_episood_10__estpluatatsioon_november__malev,6,M,9.169000000000002,verbid,232,1518.1590140691458
20200505_episood_10__estpluatatsioon_november__malev,7,M,2.6889999999999987,verbid,63,1405.7270360728903
20200505_episood_10__estpluatatsioon_november__malev,8,M,2.472999999999998,verbid,51,1237.3635260816832
20200505_episood_10__estpluatatsioon_november__malev,9,M,5.1418333333333335,verbid,130,1516.9686557972188
20200505_episood_10__estpluatatsioon_november__malev,10,M,4.069833333333334,verbid,95,1400.5487530201888
20200505_episood_10__estpluatatsioon_november__malev,11,M,0.2458333333333333,verbid,6,1464.4067796610168
20200505_episood_10__estpluatatsioon_november__malev,12,M,2.129,verbid,44,1240.0187881634572
20200505_episood_10__estpluatatsioon_november__malev,13,M,1.0298333333333327,verbid,25,1456.5463667260083
20200505_episood_10__estpluatatsioon_november__malev,14,M,5.245833333333334,verbid,148,1692.772041302621
20200505_episood_10__estpluatatsioon_november__malev,15,M,7.989833333333339,verbid,211,1584.513652767057
20200505_episood_10__estpluatatsioon_november__malev,16,M,2.783333333333333,verbid,94,2026.347305389222
20200505_episood_10__estpluatatsioon_november__malev,17,M,7.306666666666668,verbid,214,1757.2992700729924
20200505_episood_10__estpluatatsioon_november__malev,18,M,10.637833333333331,verbid,285,1607.4701928650884
20200505_episood_10__estpluatatsioon_november__malev,19,M,1.8538333333333337,verbid,34,1100.4225478737749
20200505_episood_10__estpluatatsioon_november__malev,20,M,7.633000000000008,verbid,199,1564.2604480544987
20200505_episood_10__estpluatatsioon_november__malev,21,M,1.1978333333333315,verbid,33,1652.984555447338
20200505_episood_10__estpluatatsioon_november__malev,22,M,0.5193333333333309,verbid,15,1732.9910141206758
20200505_episood_10__estpluatatsioon_november__malev,23,M,6.308166666666663,verbid,170,1616.9515707152113
20200505_episood_10__estpluatatsioon_november__malev,24,M,3.3210000000000037,verbid,81,1463.41463414634
20200511_7_vilja_kiisler_ksib_urve_palo_vastab_mis_te_seal_viimsis_juba_jlle_laamendate,0,F,24.440333333333335,verbid,811,1990.9712087942062
20200524_see_on_ikkagi_hiphopi_saade_056_24052020,4,M,4.452166666666667,verbid,59,795.1184816381536
20200524_see_on_ikkagi_hiphopi_saade_056_24052020,6,M,7.1306666666666665,verbid,108,908.7509349289454
20200524_see_on_ikkagi_hiphopi_saade_056_24052020,9,M,0.0650000000000015,verbid,1,923.0769230769016
20200524_see_on_ikkagi_hiphopi_saade_056_24052020,10,M,5.007333333333334,verbid,118,1413.926241512448
20200524_see_on_ikkagi_hiphopi_saade_056_24052020,11,M,6.058666666666666,verbid,135,1336.9278169014085
20200524_see_on_ikkagi_hiphopi_saade_056_24052020,13,M,8.673000000000002,verbid,125,864.7526807333102
20200524_see_on_ikkagi_hiphopi_saade_056_24052020,16,M,2.0073333333333343,verbid,30,896.7120557954163
20200524_see_on_ikkagi_hiphopi_saade_056_24052020,27,M,3.098666666666668,verbid,56,1084.33734939759
20200524_see_on_ikkagi_hiphopi_saade_056_24052020,29,M,1.2521666666666684,verbid,21,1006.2558232397164
20200524_see_on_ikkagi_hiphopi_saade_056_24052020,34,M,13.362666666666662,verbid,197,884.5539812412695
20200608_liisa_pakosta__naistele_ks_palk_ja_meestele_teine,0,F,24.0745,verbid,668,1664.8320837400568
20200730_heitlus_20ndates_podcast__osa_1_uus_algus,0,M,0.5593333333333333,verbid,1,107.2705601907032
20200730_heitlus_20ndates_podcast__osa_1_uus_algus,1,M,1.8601666666666663,verbid,51,1645.0138876444764
20200730_heitlus_20ndates_podcast__osa_1_uus_algus,2,M,7.367333333333335,verbid,201,1636.955931589901
20200730_heitlus_20ndates_podcast__osa_1_uus_algus,3,M,4.040999999999999,verbid,121,1796.585003711953
20200730_heitlus_20ndates_podcast__osa_1_uus_algus,4,M,0.6410000000000006,verbid,18,1684.8673946957863
20200730_heitlus_20ndates_podcast__osa_1_uus_algus,5,M,0.7146666666666666,verbid,16,1343.2835820895525
20200730_heitlus_20ndates_podcast__osa_1_uus_algus,6,M,0.8121666666666669,verbid,27,1994.6644777344543
20200807_heitlus_20ndates_podcast__osa_2_gmnaasiumiaja_raskused,1,M,5.0169999999999995,verbid,145,1734.1040462427748
20200807_heitlus_20ndates_podcast__osa_2_gmnaasiumiaja_raskused,2,M,1.0938333333333332,verbid,33,1810.1477982629897
20200807_heitlus_20ndates_podcast__osa_2_gmnaasiumiaja_raskused,3,M,3.306666666666667,verbid,88,1596.7741935483868
20200807_heitlus_20ndates_podcast__osa_2_gmnaasiumiaja_raskused,4,M,2.881,verbid,85,1770.2186740715028
20200807_heitlus_20ndates_podcast__osa_2_gmnaasiumiaja_raskused,5,M,1.4393333333333336,verbid,47,1959.2403890690132
20200807_heitlus_20ndates_podcast__osa_2_gmnaasiumiaja_raskused,6,M,3.2041666666666684,verbid,103,1928.7386215864747
20200826_riina_solman_ja_liina_kersna_roosast_kleidist_ja_riigi_vrikusest,0,F,32.030833333333334,verbid,947,1773.915758253766
20200826_riina_solman_ja_liina_kersna_roosast_kleidist_ja_riigi_vrikusest,1,F,5.349499999999996,verbid,180,2018.8802691840374
20200827_mailis_repsi_tabab_avameelsushoog,0,F,24.511333333333333,verbid,755,1848.124677020154
20200920_tt_terav_teema_068_20092020,2,M,1.489,verbid,41,1652.1155137676294
20200920_tt_terav_teema_068_20092020,3,M,1.2746666666666668,verbid,34,1600.4184100418406
20200920_tt_terav_teema_068_20092020,4,M,4.802666666666666,verbid,33,412.270960577457
20200920_tt_terav_teema_068_20092020,7,M,7.873,verbid,41,312.46030737965197
20200920_tt_terav_teema_068_20092020,8,M,2.169000000000002,verbid,39,1078.8381742738582
20200920_tt_terav_teema_068_20092020,9,M,4.212166666666667,verbid,46,655.2447275748823
20200920_tt_terav_teema_068_20092020,25,M,1.0681666666666692,verbid,24,1348.104228428769
20200920_tt_terav_teema_068_20092020,26,M,4.631333333333331,verbid,90,1165.9709227004469
20200920_tt_terav_teema_068_20092020,28,M,4.697000000000003,verbid,51,651.4796678731101
20200920_tt_terav_teema_068_20092020,29,M,4.140166666666664,verbid,65,941.9910631617091
20200920_tt_terav_teema_068_20092020,32,M,8.332166666666664,verbid,67,482.46754545636406
20200920_tt_terav_teema_068_20092020,38,M,6.420166666666668,verbid,66,616.8064172788868
20201108_juubel_75_075_08112020,3,M,16.409,verbid,246,899.506368456335
20201108_juubel_75_075_08112020,4,M,5.370666666666667,verbid,69,770.8540218470706
20201108_juubel_75_075_08112020,5,M,5.749833333333333,verbid,89,928.7225716687441
20201108_juubel_75_075_08112020,7,M,2.7081666666666666,verbid,1,22.155209551357007
20201108_juubel_75_075_08112020,10,M,2.2346666666666652,verbid,55,1476.7303102625308
20201108_juubel_75_075_08112020,11,M,19.655333333333335,verbid,180,549.4691856323983
20201108_juubel_75_075_08112020,12,M,2.1673333333333327,verbid,56,1550.2922177791454
20201108_juubel_75_075_08112020,26,M,2.933833333333337,verbid,99,2024.654888371298
20201108_juubel_75_075_08112020,27,M,0.8041666666666667,verbid,22,1641.4507772020725
20201130_podcast_noorteaken_1__sissejuhatus,0,F,27.51133333333333,verbid,743,1620.4230983594641
20201130_podcast_noorteaken_1__sissejuhatus,1,F,9.525833333333331,verbid,283,1782.5212142419737
20201203_webinar_kinnisvaramaakleri_karjri_alustamine,0,F,3.020166666666667,verbid,68,1350.9188234644885
20201203_webinar_kinnisvaramaakleri_karjri_alustamine,1,F,0.489,verbid,10,1226.9938650306747
20201203_webinar_kinnisvaramaakleri_karjri_alustamine,2,F,0.6729999999999995,verbid,17,1515.6017830609226
20201203_webinar_kinnisvaramaakleri_karjri_alustamine,3,F,0.7210000000000003,verbid,15,1248.2662968099855
20201203_webinar_kinnisvaramaakleri_karjri_alustamine,4,F,3.9626666666666663,verbid,112,1695.8277254374161
20201203_webinar_kinnisvaramaakleri_karjri_alustamine,5,F,0.5946666666666658,verbid,21,2118.834080717492
20201203_webinar_kinnisvaramaakleri_karjri_alustamine,6,F,0.5193333333333328,verbid,12,1386.3928112965357
20201203_webinar_kinnisvaramaakleri_karjri_alustamine,7,F,2.413833333333334,verbid,62,1541.1171718566588
20201203_webinar_kinnisvaramaakleri_karjri_alustamine,8,F,2.4106666666666663,verbid,67,1667.5884955752215
20201203_webinar_kinnisvaramaakleri_karjri_alustamine,9,F,0.3978333333333334,verbid,13,1960.6200251361538
20201203_webinar_kinnisvaramaakleri_karjri_alustamine,10,F,2.0106666666666646,verbid,57,1700.9283819628665
20201203_webinar_kinnisvaramaakleri_karjri_alustamine,11,F,4.733833333333333,verbid,106,1343.52005069887
20201203_webinar_kinnisvaramaakleri_karjri_alustamine,12,F,0.9626666666666666,verbid,28,1745.1523545706373
20201203_webinar_kinnisvaramaakleri_karjri_alustamine,13,F,0.5626666666666665,verbid,14,1492.8909952606639
20201203_webinar_kinnisvaramaakleri_karjri_alustamine,14,F,0.2970000000000027,verbid,14,2828.2828282828023
20201203_webinar_kinnisvaramaakleri_karjri_alustamine,15,F,0.4186666666666648,verbid,7,1003.1847133758006
20201203_webinar_kinnisvaramaakleri_karjri_alustamine,16,F,4.471333333333333,verbid,106,1422.3945131951693
20201203_webinar_kinnisvaramaakleri_karjri_alustamine,17,F,1.3913333333333335,verbid,45,1940.5845711547674
20201203_webinar_kinnisvaramaakleri_karjri_alustamine,18,F,0.8041666666666667,verbid,16,1193.782383419689
20201203_webinar_kinnisvaramaakleri_karjri_alustamine,19,F,1.000999999999999,verbid,30,1798.2017982017999
20201203_webinar_kinnisvaramaakleri_karjri_alustamine,20,F,0.2698333333333342,verbid,6,1334.156886967259
20201203_webinar_kinnisvaramaakleri_karjri_alustamine,21,F,0.5930000000000025,verbid,25,2529.5109612141546
20201203_webinar_kinnisvaramaakleri_karjri_alustamine,22,F,2.4281666666666677,verbid,70,1729.7000480472227
20201203_webinar_kinnisvaramaakleri_karjri_alustamine,23,F,0.2073333333333342,verbid,2,578.778135048229
20201213_podcast_noorteaken_2__kaasamine,1,F,1.1833333333333331,verbid,19,963.3802816901408
20201213_podcast_noorteaken_2__kaasamine,2,F,8.821833333333334,verbid,254,1727.5320700534658
20201213_podcast_noorteaken_2__kaasamine,3,F,26.543333333333337,verbid,884,1998.241868642471
20201213_podcast_noorteaken_2__kaasamine,4,F,9.696999999999996,verbid,276,1707.7446632979281
20201213_podcast_noorteaken_2__kaasamine,5,F,10.43616666666666,verbid,299,1719.0219908331612
20201231_59_normaalse_elu_osa,0,M,0.2153333333333333,verbid,7,1950.4643962848304
20201231_59_normaalse_elu_osa,1,M,1.3513333333333333,verbid,33,1465.2195362604834
20201231_59_normaalse_elu_osa,2,M,0.2281666666666666,verbid,6,1577.7940102264429
20201231_59_normaalse_elu_osa,3,M,7.0729999999999995,verbid,248,2103.7749187049344
20201231_59_normaalse_elu_osa,4,M,1.037833333333333,verbid,37,2139.0717841657306
20201231_59_normaalse_elu_osa,5,M,37.325833333333335,verbid,1131,1818.0438034426556
20201231_59_normaalse_elu_osa,6,M,13.087999999999996,verbid,348,1595.3545232273843
20210104_podcast_noorteaken_3__aktiivsus_vabatahtlik_t,2,F,28.132166666666667,verbid,786,1676.3728353663955
20210104_podcast_noorteaken_3__aktiivsus_vabatahtlik_t,3,F,8.903333333333334,verbid,230,1549.9812804193184
20210106_irja_lutsar_mina_ei_ole_selle_valitsuse_ema,0,F,24.734166666666667,verbid,831,2015.8350459890166
20210112_abielurefendum_vib_lpetada_riigikohtus_viitab_lle_madise,0,F,18.557333333333336,verbid,553,1787.972409828998
20210112_abielurefendum_vib_lpetada_riigikohtus_viitab_lle_madise,1,F,4.169000000000001,verbid,132,1899.7361477572554
20210112_abielurefendum_vib_lpetada_riigikohtus_viitab_lle_madise,2,F,1.3129999999999995,verbid,32,1462.3000761614628
20210124_kiire_saade_086_24012021,2,M,4.213833333333333,verbid,100,1423.881659613179
20210124_kiire_saade_086_24012021,7,M,8.882666666666667,verbid,125,844.3410387271089
20210124_kiire_saade_086_24012021,9,M,2.5001666666666646,verbid,49,1175.9216052263193
20210124_kiire_saade_086_24012021,10,M,2.572166666666669,verbid,70,1632.8646407049812
20210124_kiire_saade_086_24012021,11,M,6.745000000000001,verbid,186,1654.558932542624
20210124_kiire_saade_086_24012021,21,M,2.4521666666666686,verbid,49,1198.9397131788205
20210124_kiire_saade_086_24012021,24,M,3.221833333333332,verbid,74,1378.0973565775184
20210124_kiire_saade_086_24012021,25,M,2.637833333333333,verbid,59,1342.0104884058887
20210124_kiire_saade_086_24012021,26,M,2.6426666666666656,verbid,42,953.5822401614535
20210124_kiire_saade_086_24012021,36,M,4.922666666666669,verbid,107,1304.1711809317437
20210124_kiire_saade_086_24012021,43,M,3.9481666666666646,verbid,77,1170.1633669635703
20210124_kiire_saade_086_24012021,44,M,9.336999999999996,verbid,129,828.9600514083756
20210124_kiire_saade_086_24012021,45,M,0.8986666666666603,verbid,8,534.1246290801225
20210124_kiire_saade_086_24012021,46,M,0.5161666666666633,verbid,10,1162.4152405553837
20210124_kiire_saade_086_24012021,48,M,0.9450000000000122,verbid,2,126.98412698412535
20210131_klas_mc_olldaraba_bastadz_daraba_mob08731012021,2,M,1.017,verbid,25,1474.9262536873157
20210131_klas_mc_olldaraba_bastadz_daraba_mob08731012021,3,M,20.593,verbid,550,1602.4862817462244
20210131_klas_mc_olldaraba_bastadz_daraba_mob08731012021,4,M,0.2841666666666659,verbid,8,1689.1495601173065
20210131_klas_mc_olldaraba_bastadz_daraba_mob08731012021,5,M,20.441,verbid,478,1403.062472481777
20210131_klas_mc_olldaraba_bastadz_daraba_mob08731012021,6,M,7.898666666666668,verbid,140,1063.4706279540849
20210131_klas_mc_olldaraba_bastadz_daraba_mob08731012021,7,M,0.8810000000000021,verbid,18,1225.8796821793387
20210131_klas_mc_olldaraba_bastadz_daraba_mob08731012021,8,M,0.55783333333333,verbid,14,1505.8261129369675
20210131_klas_mc_olldaraba_bastadz_daraba_mob08731012021,9,M,2.737000000000004,verbid,67,1468.76141761052
20210131_klas_mc_olldaraba_bastadz_daraba_mob08731012021,10,M,0.905000000000003,verbid,26,1723.7569060773424
20210131_klas_mc_olldaraba_bastadz_daraba_mob08731012021,11,M,3.49216666666667,verbid,101,1735.3123657710096
20210131_klas_mc_olldaraba_bastadz_daraba_mob08731012021,12,M,1.35783333333333,verbid,27,1193.0772063336228
20210201_keit_pentusrosimannus_autorollo_skandaalist,0,F,24.89816666666667,verbid,729,1756.7558521711771
20210208_jutud_rohelises_stuudios_osa_1_hardo_adamson,1,M,2.393,verbid,42,1053.071458420393
20210208_jutud_rohelises_stuudios_osa_1_hardo_adamson,3,M,6.848999999999999,verbid,224,1962.330267192291
20210208_jutud_rohelises_stuudios_osa_1_hardo_adamson,4,M,5.677833333333333,verbid,184,1944.403675110811
20210208_jutud_rohelises_stuudios_osa_1_hardo_adamson,5,M,7.338666666666668,verbid,230,1880.4505813953488
20210208_jutud_rohelises_stuudios_osa_1_hardo_adamson,6,M,3.2169999999999996,verbid,91,1697.2334473111596
20210208_jutud_rohelises_stuudios_osa_1_hardo_adamson,8,M,4.639333333333331,verbid,152,1965.7996838626248
20210208_jutud_rohelises_stuudios_osa_1_hardo_adamson,9,M,6.332166666666671,verbid,183,1734.0036322480446
20210208_jutud_rohelises_stuudios_osa_1_hardo_adamson,10,M,12.87616666666667,verbid,433,2017.6812457123622
20210208_jutud_rohelises_stuudios_osa_1_hardo_adamson,11,M,0.5273333333333312,verbid,15,1706.7003792667574
20210208_jutud_rohelises_stuudios_osa_1_hardo_adamson,12,M,4.0009999999999994,verbid,136,2039.4901274681333
20210208_signe_riisalo_pikas_vaates_tuleb_kas_maksutus_vi_rnne,0,F,24.6205,verbid,704,1715.643467841839
20210220_podcast_noorteaken_4__vaimne_tervis,2,F,48.436166666666665,verbid,1138,1409.6904172846048
20210220_podcast_noorteaken_4__vaimne_tervis,3,F,0.2490000000000009,verbid,3,722.8915662650576
20210220_podcast_noorteaken_4__vaimne_tervis,4,F,37.53383333333333,verbid,1057,1689.6755371820093
20210305_podcast_noorteaken_5__anne_noortekeskus,1,F,26.269833333333334,verbid,736,1681.0156135998832
20210313_episood_1_eesti_laul_aftekas__covidioodid,0,M,54.761,verbid,1792,1963.4411351144063
20210318_webinar_ettevtja_kinnisvararis,0,F,8.362666666666666,verbid,252,1808.0357142857144
20210318_webinar_ettevtja_kinnisvararis,1,F,6.0778333333333325,verbid,191,1885.5403515507176
20210318_webinar_ettevtja_kinnisvararis,2,F,19.540166666666664,verbid,579,1777.8763401881597
20210318_webinar_kinnisvaramaakleri_karjri_alustamine,0,F,25.348166666666668,verbid,675,1597.7486866242791
20210318_webinar_kinnisvaramaakleri_karjri_alustamine,1,F,8.684166666666666,verbid,243,1678.9175702907592
20210321_episood_2__prgitelevisioon,0,M,41.82983333333333,verbid,1363,1955.0639694954557
20210321_episood_2__prgitelevisioon,1,M,21.388166666666667,verbid,730,2047.8613563574875
20210322_podcast_noorteaken_6__motivatsioon_eneseareng_ja_ajaplaneerimine,1,F,29.687333333333335,verbid,933,1885.6526913835305
20210404_episood_3_emoosekandid_ja_co2paraad,0,M,52.372166666666665,verbid,1794,2055.2901827624723
20210404_episood_3_emoosekandid_ja_co2paraad,1,M,1.8281666666666676,verbid,51,1673.8080043759678
20210405_podcast_noorteaken_7__nipid_isolatsioonis_toimetulekuks_ja_tuleviku_plaanide_tegemiseks,2,F,4.281000000000001,verbid,103,1443.5879467414154
20210405_podcast_noorteaken_7__nipid_isolatsioonis_toimetulekuks_ja_tuleviku_plaanide_tegemiseks,3,F,28.698666666666668,verbid,890,1860.7136220033449
20210413_episood_4_kas_vanasti_oli_muusika_parem,0,M,10.724166666666669,verbid,279,1560.9604475872252
20210413_episood_4_kas_vanasti_oli_muusika_parem,1,M,3.460166666666667,verbid,99,1716.680314050383
20210413_episood_4_kas_vanasti_oli_muusika_parem,2,M,24.133833333333335,verbid,781,1941.6724791613433
20210413_episood_4_kas_vanasti_oli_muusika_parem,3,M,17.469833333333334,verbid,565,1940.4878886461422
20210413_episood_4_kas_vanasti_oli_muusika_parem,4,M,12.370666666666663,verbid,422,2046.7773226988581
20210413_episood_4_kas_vanasti_oli_muusika_parem,5,M,46.16899999999999,verbid,1504,1954.5582533734762
20210416_aprill_epikojas__ro_puuetega_inimeste_komitee_arvamus_eesti_olukorrast,0,M,0.1748333333333333,verbid,1,343.1839847473784
20210416_aprill_epikojas__ro_puuetega_inimeste_komitee_arvamus_eesti_olukorrast,2,M,11.751333333333331,verbid,245,1250.9218812049696
20210416_jutud_rohelises_stuudios_osa_4_madis_mumm,1,M,27.033,verbid,682,1513.7054710908888
20210416_jutud_rohelises_stuudios_osa_4_madis_mumm,2,M,8.717833333333333,verbid,208,1431.5483587282774
20210416_jutud_rohelises_stuudios_osa_4_madis_mumm,3,M,0.55783333333333,verbid,9,968.0310726023362
20210416_jutud_rohelises_stuudios_osa_4_madis_mumm,4,M,10.882666666666667,verbid,287,1582.3327615780445
20210416_jutud_rohelises_stuudios_osa_4_madis_mumm,5,M,17.14183333333333,verbid,432,1512.0903053932389
20210416_webinar_hetkeseis_kinnisvaraturul,0,F,3.3459999999999996,verbid,83,1488.3442916915724
20210416_webinar_hetkeseis_kinnisvaraturul,1,F,2.117833333333333,verbid,47,1331.5495396238296
20210416_webinar_hetkeseis_kinnisvaraturul,2,F,12.289000000000003,verbid,380,1855.3177638538525
20210416_webinar_hetkeseis_kinnisvaraturul,3,F,3.132166666666668,verbid,91,1743.2022561592075
20210416_webinar_hetkeseis_kinnisvaraturul,4,F,17.264666666666667,verbid,463,1609.0666872610727
20210419_171_saade_elujutoetaja_kairi_kuha,2,F,20.404166666666665,verbid,630,1852.56279354707
20210419_171_saade_elujutoetaja_kairi_kuha,3,F,5.945000000000001,verbid,171,1725.8200168208575
20210419_171_saade_elujutoetaja_kairi_kuha,4,F,6.745000000000001,verbid,189,1681.2453669384727
20210419_171_saade_elujutoetaja_kairi_kuha,5,F,23.804166666666664,verbid,720,1814.8083318746721
20210419_podcast_noorteaken_8__internetiturvalisus_kberkiusamine_ja_seksuaalne_vrkohtlemine,2,F,9.154666666666667,verbid,283,1854.79172735217
20210419_podcast_noorteaken_8__internetiturvalisus_kberkiusamine_ja_seksuaalne_vrkohtlemine,3,F,1.1241666666666654,verbid,36,1921.423276501114
20210419_podcast_noorteaken_8__internetiturvalisus_kberkiusamine_ja_seksuaalne_vrkohtlemine,4,F,21.924166666666668,verbid,740,2025.162491922916
20210422_episood_5_elu_surm_ja_kanade_lestus,0,M,83.633,verbid,2440,1750.5051833606353
20210502_sott_kihisev__korrrralik_jubileika_100_02052021,3,M,14.037833333333332,verbid,351,1500.2315172094459
20210502_sott_kihisev__korrrralik_jubileika_100_02052021,8,M,4.676166666666665,verbid,70,898.1715792850272
20210502_sott_kihisev__korrrralik_jubileika_100_02052021,15,M,2.897000000000003,verbid,78,1615.46427338626
20210502_sott_kihisev__korrrralik_jubileika_100_02052021,24,M,8.07616666666667,verbid,164,1218.3998183956908
20210502_sott_kihisev__korrrralik_jubileika_100_02052021,25,M,5.610666666666672,verbid,123,1315.3517110266148
20210502_sott_kihisev__korrrralik_jubileika_100_02052021,28,M,2.6970000000000027,verbid,67,1490.5450500556158
20210502_sott_kihisev__korrrralik_jubileika_100_02052021,37,M,1.625,verbid,35,1292.3076923076924
20210502_sott_kihisev__korrrralik_jubileika_100_02052021,46,M,5.829833333333332,verbid,155,1595.2428600017156
20210502_sott_kihisev__korrrralik_jubileika_100_02052021,47,M,1.529000000000004,verbid,2,78.48266841072575
20210502_sott_kihisev__korrrralik_jubileika_100_02052021,48,M,3.2969999999999953,verbid,36,655.1410373066433
20210502_sott_kihisev__korrrralik_jubileika_100_02052021,49,M,9.256999999999984,verbid,122,790.7529437182685
20210502_sott_kihisev__korrrralik_jubileika_100_02052021,51,M,2.293833333333335,verbid,40,1046.2835137687996
20210502_sott_kihisev__korrrralik_jubileika_100_02052021,53,M,12.34333333333334,verbid,210,1020.7939508506611
20210502_sott_kihisev__korrrralik_jubileika_100_02052021,58,M,3.660166666666676,verbid,100,1639.2696143162834
20210502_sott_kihisev__korrrralik_jubileika_100_02052021,59,M,6.792999999999998,verbid,14,123.65670543206245
20210502_sott_kihisev__korrrralik_jubileika_100_02052021,60,M,2.8153333333333346,verbid,63,1342.6474070565944
20210502_sott_kihisev__korrrralik_jubileika_100_02052021,62,M,1.341833333333322,verbid,17,760.1540181343997
20210502_sott_kihisev__korrrralik_jubileika_100_02052021,63,M,1.1353333333333315,verbid,35,1849.677040516738
20210502_sott_kihisev__korrrralik_jubileika_100_02052021,64,M,2.496999999999995,verbid,6,144.17300760913125
20210502_sott_kihisev__korrrralik_jubileika_100_02052021,65,M,3.0058333333333396,verbid,84,1676.7396728583276
20210519_podcast_noorteaken_10__treening_toitumine_ning_tervis,1,F,4.666666666666667,verbid,120,1542.8571428571427
20210519_podcast_noorteaken_10__treening_toitumine_ning_tervis,2,F,1.3258333333333323,verbid,46,2081.709616593339
20210519_podcast_noorteaken_10__treening_toitumine_ning_tervis,3,F,1.3066666666666673,verbid,37,1698.9795918367338
20210519_podcast_noorteaken_10__treening_toitumine_ning_tervis,4,F,3.9178333333333337,verbid,78,1194.5377972518825
20210519_podcast_noorteaken_10__treening_toitumine_ning_tervis,5,F,21.693833333333338,verbid,664,1836.4665842059571
20210519_podcast_noorteaken_10__treening_toitumine_ning_tervis,6,F,7.120999999999996,verbid,181,1525.0667041145914
20210531_kuna_it_on_levinud_igasse_eluvaldkonda_siis_on_itekspertidele_rakendust_kikjal,0,M,28.527333333333335,verbid,772,1623.705919469047
20210603_mida_peaksid_teadma_enne_kinnisvaraostu,0,F,33.215333333333334,verbid,1009,1822.6521887481686
20210603_mida_peaksid_teadma_enne_kinnisvaraostu,1,F,3.588166666666666,verbid,110,1839.3794416833111
20210603_mida_peaksid_teadma_enne_kinnisvaraostu,2,F,2.291166666666671,verbid,55,1440.314250381899
20210614_14_mentorlusssteemi_loomine_organisatsioonis__stuudios_katri_jrine_ericsson_eesti_ja_tiiu_allikvee_fontes,0,F,1.9641666666666668,verbid,36,1099.7030123037757
20210614_14_mentorlusssteemi_loomine_organisatsioonis__stuudios_katri_jrine_ericsson_eesti_ja_tiiu_allikvee_fontes,1,F,27.909833333333335,verbid,738,1586.5376002484188
20210614_14_mentorlusssteemi_loomine_organisatsioonis__stuudios_katri_jrine_ericsson_eesti_ja_tiiu_allikvee_fontes,2,F,0.8041666666666667,verbid,17,1268.3937823834196
20210614_erisaade_kommunismiohvrite_memoriaali_audiokirjeldus,0,M,14.166833333333331,verbid,297,1257.867554499359
20210614_erisaade_kommunismiohvrite_memoriaali_audiokirjeldus,1,M,1.836166666666666,verbid,44,1437.777979486249
20210614_podcast_noorteaken_11__noorteakna_esimene_hooaeg_on_lbi,2,F,1.0921666666666667,verbid,28,1538.2267663665493
20210614_podcast_noorteaken_11__noorteakna_esimene_hooaeg_on_lbi,3,F,13.800833333333332,verbid,412,1791.1961838053257
20210620_15_tandja_brnding__stuudios_ivi_aluoja_adven_ja_kristiina_kuuskme_fontes,0,F,3.260166666666667,verbid,52,957.0062880220846
20210620_15_tandja_brnding__stuudios_ivi_aluoja_adven_ja_kristiina_kuuskme_fontes,1,F,44.687333333333335,verbid,869,1166.773582372335
20210701_kuidas_mratakse_iget_mgihinda_kinnisvarale,0,F,25.375,verbid,734,1735.5665024630541
20210727_arco_akadeemia_podcast_viljandi_maakonna_kinnisvaraturu_i_poolaasta_levaade,0,F,2.201,verbid,59,1608.3598364379827
20210727_arco_akadeemia_podcast_viljandi_maakonna_kinnisvaraturu_i_poolaasta_levaade,1,F,26.025333333333332,verbid,707,1629.9503048311901
20210729_arco_akadeemia_podcast_kuidas_tsta_oma_kinnisvara_vrtust_lbi_kinnisvaralavastuse,0,F,31.861333333333334,verbid,827,1557.3736190157347
20210819_augustikuu_epikojas__tagasi_likooli,0,M,0.2019999999999999,verbid,1,297.029702970297
20210819_augustikuu_epikojas__tagasi_likooli,1,M,14.396166666666666,verbid,362,1508.7349641687024
20210824_kaja_kallas_mina_ekrega_valitsust_ei_moodusta,0,F,17.574833333333334,verbid,510,1741.126041972897
20210824_kaja_kallas_mina_ekrega_valitsust_ei_moodusta,1,F,14.570666666666666,verbid,392,1614.2020497803808
20210824_kaja_kallas_mina_ekrega_valitsust_ei_moodusta,2,F,3.1930000000000027,verbid,78,1465.7062323833375
20210827_arco_akadeemia_podcast__prnumaa_kinnisvaraturu_levaade,0,F,10.626666666666669,verbid,243,1372.0200752823087
20210827_arco_akadeemia_podcast__prnumaa_kinnisvaraturu_levaade,1,F,10.880999999999998,verbid,276,1521.91894127378
20210827_arco_akadeemia_podcast__prnumaa_kinnisvaraturu_levaade,2,F,3.208999999999999,verbid,85,1589.2801495793087
20210827_arco_akadeemia_podcast__prnumaa_kinnisvaraturu_levaade,3,F,3.779333333333333,verbid,104,1651.0848474157701
20210908_liina_kersna_veerand_vanemaid_on_vaktsineerimise_vastu,0,F,25.0925,verbid,754,1802.9291621002294
20210911_arco_akadeemia_podcast__lhv_panga_vaade_kinnisvaraturule,0,F,24.052833333333336,verbid,613,1529.1337818829381
20210912_jlle_see_lart_119_12092021,1,M,0.6569999999999999,verbid,14,1278.5388127853882
20210912_jlle_see_lart_119_12092021,2,M,5.1850000000000005,verbid,154,1782.063645130183
20210912_jlle_see_lart_119_12092021,4,M,12.994666666666664,verbid,226,1043.5050277036735
20210912_jlle_see_lart_119_12092021,6,M,8.991333333333333,verbid,218,1454.7341884777934
20210912_jlle_see_lart_119_12092021,8,M,10.497000000000003,verbid,271,1549.0140040011427
20210912_jlle_see_lart_119_12092021,12,M,1.800999999999999,verbid,40,1332.5930038867305
20210912_jlle_see_lart_119_12092021,16,M,5.657000000000001,verbid,167,1771.256849920452
20210912_jlle_see_lart_119_12092021,17,M,0.8778333333333346,verbid,22,1503.702297322952
20210912_jlle_see_lart_119_12092021,21,M,10.868166666666667,verbid,310,1711.4202027327512
20210912_jlle_see_lart_119_12092021,22,M,1.712999999999996,verbid,15,525.3940455341519
20210912_jlle_see_lart_119_12092021,23,M,0.9273333333333312,verbid,2,129.40330697340073
20210912_jlle_see_lart_119_12092021,24,M,1.4233333333333424,verbid,10,421.545667447304
20210927_61_cancel_cancel_cancel,0,M,1.0836666666666666,verbid,11,609.0433712703784
20210927_61_cancel_cancel_cancel,2,M,0.0681666666666667,verbid,2,1760.3911980440084
20210927_61_cancel_cancel_cancel,3,M,3.401,verbid,95,1675.9776536312847
20210927_61_cancel_cancel_cancel,4,M,2.7818333333333336,verbid,91,1962.7344077646633
20210927_61_cancel_cancel_cancel,5,M,19.703333333333333,verbid,790,2405.684317374387
20210927_61_cancel_cancel_cancel,6,M,0.7338333333333329,verbid,19,1553.4862593686134
20210927_61_cancel_cancel_cancel,7,M,0.6186666666666648,verbid,18,1745.6896551724192
20210927_61_cancel_cancel_cancel,8,M,1.1753333333333331,verbid,48,2450.368689733409
20210927_61_cancel_cancel_cancel,9,M,10.928999999999997,verbid,369,2025.8029096898167
20210927_61_cancel_cancel_cancel,10,M,3.305000000000003,verbid,116,2105.9001512859286
20210927_61_cancel_cancel_cancel,11,M,0.3833333333333333,verbid,7,1095.6521739130435
20210927_61_cancel_cancel_cancel,12,M,1.532166666666664,verbid,27,1057.3262264766688
20210927_61_cancel_cancel_cancel,14,M,5.391333333333334,verbid,146,1624.8299740323976
20210927_61_cancel_cancel_cancel,15,M,2.3241666666666636,verbid,49,1264.9695231265705
20210927_61_cancel_cancel_cancel,16,M,0.1306666666666691,verbid,5,2295.918367346896
20210927_61_cancel_cancel_cancel,17,M,0.1578333333333375,verbid,3,1140.4435058077836
20210927_61_cancel_cancel_cancel,19,M,1.3818333333333386,verbid,32,1389.458448920511
20210927_61_cancel_cancel_cancel,20,M,0.3898333333333312,verbid,10,1539.1192817443437
20210928_bipolaarne_muusika_8,0,M,20.077333333333335,verbid,623,1861.8010359941559
20210928_bipolaarne_muusika_8,1,M,40.22183333333333,verbid,1263,1884.0513651375084
20210928_bipolaarne_muusika_8,2,M,0.2041666666666666,verbid,10,2938.775510204082
20210928_bipolaarne_muusika_8,3,M,1.908499999999996,verbid,51,1603.353418915382
20211018_234_spirituaalne_petaja_andrues_vana_vline_edu_on_sinu_sisemise_kpsuse_peegeldus,1,M,2.1978333333333335,verbid,84,2293.167513460226
20211018_234_spirituaalne_petaja_andrues_vana_vline_edu_on_sinu_sisemise_kpsuse_peegeldus,2,M,5.047333333333333,verbid,143,1699.9075419363362
20211018_234_spirituaalne_petaja_andrues_vana_vline_edu_on_sinu_sisemise_kpsuse_peegeldus,3,M,7.541833333333333,verbid,237,1885.4831937415747
20211018_234_spirituaalne_petaja_andrues_vana_vline_edu_on_sinu_sisemise_kpsuse_peegeldus,4,M,9.509833333333331,verbid,319,2012.6535691126735
20211018_234_spirituaalne_petaja_andrues_vana_vline_edu_on_sinu_sisemise_kpsuse_peegeldus,5,M,10.847333333333337,verbid,381,2107.430397639973
20211018_234_spirituaalne_petaja_andrues_vana_vline_edu_on_sinu_sisemise_kpsuse_peegeldus,6,M,8.425,verbid,268,1908.6053412462904
20211018_234_spirituaalne_petaja_andrues_vana_vline_edu_on_sinu_sisemise_kpsuse_peegeldus,7,M,0.9161666666666708,verbid,37,2423.139894487891
20211018_234_spirituaalne_petaja_andrues_vana_vline_edu_on_sinu_sisemise_kpsuse_peegeldus,8,M,7.345000000000004,verbid,251,2050.374404356704
20211018_234_spirituaalne_petaja_andrues_vana_vline_edu_on_sinu_sisemise_kpsuse_peegeldus,9,M,3.9369999999999967,verbid,124,1889.7637795275607
20211018_234_spirituaalne_petaja_andrues_vana_vline_edu_on_sinu_sisemise_kpsuse_peegeldus,10,M,11.049,verbid,372,2020.092316046701
20211018_234_spirituaalne_petaja_andrues_vana_vline_edu_on_sinu_sisemise_kpsuse_peegeldus,11,M,0.3226666666666687,verbid,16,2975.2066115702287
20211018_234_spirituaalne_petaja_andrues_vana_vline_edu_on_sinu_sisemise_kpsuse_peegeldus,12,M,15.896999999999997,verbid,550,2075.8633704472545
20211018_234_spirituaalne_petaja_andrues_vana_vline_edu_on_sinu_sisemise_kpsuse_peegeldus,13,M,8.61866666666668,verbid,312,2172.0297029702933
20211018_234_spirituaalne_petaja_andrues_vana_vline_edu_on_sinu_sisemise_kpsuse_peegeldus,14,M,0.7370000000000042,verbid,22,1791.0447761193927
20211018_234_spirituaalne_petaja_andrues_vana_vline_edu_on_sinu_sisemise_kpsuse_peegeldus,15,M,7.389833333333324,verbid,262,2127.246893254249
20211018_234_spirituaalne_petaja_andrues_vana_vline_edu_on_sinu_sisemise_kpsuse_peegeldus,16,M,0.2313333333333351,verbid,4,1037.463976945237
20211018_234_spirituaalne_petaja_andrues_vana_vline_edu_on_sinu_sisemise_kpsuse_peegeldus,17,M,0.319333333333346,verbid,3,563.674321503109
20211018_234_spirituaalne_petaja_andrues_vana_vline_edu_on_sinu_sisemise_kpsuse_peegeldus,18,M,2.0730000000000017,verbid,73,2112.879884225758
20211018_234_spirituaalne_petaja_andrues_vana_vline_edu_on_sinu_sisemise_kpsuse_peegeldus,19,M,1.237833333333341,verbid,38,1841.928100175026
20211018_234_spirituaalne_petaja_andrues_vana_vline_edu_on_sinu_sisemise_kpsuse_peegeldus,20,M,13.132166666666656,verbid,440,2010.3308669551882
20211018_234_spirituaalne_petaja_andrues_vana_vline_edu_on_sinu_sisemise_kpsuse_peegeldus,21,M,0.0953333333333224,verbid,2,1258.7412587414028
20211018_234_spirituaalne_petaja_andrues_vana_vline_edu_on_sinu_sisemise_kpsuse_peegeldus,22,M,2.9658333333333453,verbid,108,2184.8833942118486
20211018_234_spirituaalne_petaja_andrues_vana_vline_edu_on_sinu_sisemise_kpsuse_peegeldus,23,M,2.269833333333342,verbid,56,1480.2848961010295
20211122_novembrikuu_eesti_puuetega_inimeste_kojas__sensationalstem_soomes,3,M,11.740166666666664,verbid,249,1272.5543362530345
20211221_podcast_noorteaken_14__killu_kolsar_kes_on_arengutreener,1,F,2.3658333333333332,verbid,76,1927.4392391687213
20211221_podcast_noorteaken_14__killu_kolsar_kes_on_arengutreener,2,F,34.03616666666667,verbid,1250,2203.5383929839336
20220104_mehed_ei_nuta_kontaveidi_fnnid_liialdasid_vehklejate_rappimisega_spordiaasta_suured_ksimused,0,M,6.2645,verbid,167,1599.4891850905897
20220104_mehed_ei_nuta_kontaveidi_fnnid_liialdasid_vehklejate_rappimisega_spordiaasta_suured_ksimused,1,M,15.986666666666665,verbid,466,1748.957464553795
20220104_mehed_ei_nuta_kontaveidi_fnnid_liialdasid_vehklejate_rappimisega_spordiaasta_suured_ksimused,2,M,14.309833333333332,verbid,392,1643.625013102878
20220104_mehed_ei_nuta_kontaveidi_fnnid_liialdasid_vehklejate_rappimisega_spordiaasta_suured_ksimused,3,M,25.564166666666665,verbid,722,1694.5594419271767
20220104_mehed_ei_nuta_kontaveidi_fnnid_liialdasid_vehklejate_rappimisega_spordiaasta_suured_ksimused,4,M,2.4730000000000016,verbid,68,1649.8180347755751
20220104_mehed_ei_nuta_kontaveidi_fnnid_liialdasid_vehklejate_rappimisega_spordiaasta_suured_ksimused,5,M,5.981833333333339,verbid,178,1785.4058120420145
20220106_239_marius_vahter_ja_sven_kabanen_mikrobioomi_olulisusest_detoksist_ja_probiootikumidest,2,M,1.049,verbid,44,2516.6825548141087
20220106_239_marius_vahter_ja_sven_kabanen_mikrobioomi_olulisusest_detoksist_ja_probiootikumidest,3,M,0.0586666666666668,verbid,1,1022.7272727272698
20220106_239_marius_vahter_ja_sven_kabanen_mikrobioomi_olulisusest_detoksist_ja_probiootikumidest,4,M,0.1786666666666666,verbid,10,3358.2089552238813
20220106_239_marius_vahter_ja_sven_kabanen_mikrobioomi_olulisusest_detoksist_ja_probiootikumidest,5,M,0.3978333333333334,verbid,18,2714.7046501885206
20220106_239_marius_vahter_ja_sven_kabanen_mikrobioomi_olulisusest_detoksist_ja_probiootikumidest,6,M,0.2218333333333333,verbid,7,1893.3132982719756
20220106_239_marius_vahter_ja_sven_kabanen_mikrobioomi_olulisusest_detoksist_ja_probiootikumidest,7,M,0.0601666666666668,verbid,2,1994.4598337950065
20220106_239_marius_vahter_ja_sven_kabanen_mikrobioomi_olulisusest_detoksist_ja_probiootikumidest,8,M,0.0713333333333333,verbid,1,841.1214953271027
20220106_239_marius_vahter_ja_sven_kabanen_mikrobioomi_olulisusest_detoksist_ja_probiootikumidest,10,M,13.381833333333336,verbid,381,1708.286109277503
20220106_239_marius_vahter_ja_sven_kabanen_mikrobioomi_olulisusest_detoksist_ja_probiootikumidest,11,M,10.21866666666667,verbid,360,2113.778705636743
20220106_239_marius_vahter_ja_sven_kabanen_mikrobioomi_olulisusest_detoksist_ja_probiootikumidest,12,M,2.722666666666669,verbid,88,1939.2752203721827
20220106_239_marius_vahter_ja_sven_kabanen_mikrobioomi_olulisusest_detoksist_ja_probiootikumidest,13,M,0.975333333333333,verbid,30,1845.5228981544776
20220106_239_marius_vahter_ja_sven_kabanen_mikrobioomi_olulisusest_detoksist_ja_probiootikumidest,14,M,1.674666666666667,verbid,49,1755.573248407643
20220106_239_marius_vahter_ja_sven_kabanen_mikrobioomi_olulisusest_detoksist_ja_probiootikumidest,15,M,4.221833333333328,verbid,142,2018.0806126880132
20220106_239_marius_vahter_ja_sven_kabanen_mikrobioomi_olulisusest_detoksist_ja_probiootikumidest,16,M,8.25216666666667,verbid,214,1555.9550017167203
20220106_239_marius_vahter_ja_sven_kabanen_mikrobioomi_olulisusest_detoksist_ja_probiootikumidest,17,M,7.815333333333334,verbid,227,1742.7279706559752
20220106_239_marius_vahter_ja_sven_kabanen_mikrobioomi_olulisusest_detoksist_ja_probiootikumidest,18,M,0.994666666666664,verbid,26,1568.364611260058
20220106_239_marius_vahter_ja_sven_kabanen_mikrobioomi_olulisusest_detoksist_ja_probiootikumidest,19,M,7.805833333333331,verbid,254,1952.3860360841256
20220106_239_marius_vahter_ja_sven_kabanen_mikrobioomi_olulisusest_detoksist_ja_probiootikumidest,20,M,4.116166666666663,verbid,118,1720.046969267524
20220106_239_marius_vahter_ja_sven_kabanen_mikrobioomi_olulisusest_detoksist_ja_probiootikumidest,21,M,5.381833333333338,verbid,148,1649.995354742806
20220106_239_marius_vahter_ja_sven_kabanen_mikrobioomi_olulisusest_detoksist_ja_probiootikumidest,22,M,8.933833333333329,verbid,274,1840.1955114452558
20220106_239_marius_vahter_ja_sven_kabanen_mikrobioomi_olulisusest_detoksist_ja_probiootikumidest,23,M,3.5753333333333406,verbid,110,1845.9817266455307
20220106_239_marius_vahter_ja_sven_kabanen_mikrobioomi_olulisusest_detoksist_ja_probiootikumidest,24,M,7.124166666666664,verbid,211,1777.0499473622654
20220106_239_marius_vahter_ja_sven_kabanen_mikrobioomi_olulisusest_detoksist_ja_probiootikumidest,25,M,2.705000000000003,verbid,76,1685.7670979667264
20220106_239_marius_vahter_ja_sven_kabanen_mikrobioomi_olulisusest_detoksist_ja_probiootikumidest,26,M,1.4521666666666684,verbid,37,1528.750143463788
20220106_239_marius_vahter_ja_sven_kabanen_mikrobioomi_olulisusest_detoksist_ja_probiootikumidest,27,M,12.972166666666665,verbid,390,1803.8621150411782
20220106_239_marius_vahter_ja_sven_kabanen_mikrobioomi_olulisusest_detoksist_ja_probiootikumidest,28,M,1.7690000000000057,verbid,59,2001.1305822498525
20220106_239_marius_vahter_ja_sven_kabanen_mikrobioomi_olulisusest_detoksist_ja_probiootikumidest,29,M,2.1721666666666652,verbid,56,1546.842630246299
20220106_239_marius_vahter_ja_sven_kabanen_mikrobioomi_olulisusest_detoksist_ja_probiootikumidest,30,M,3.5978333333333317,verbid,128,2134.618057164035
20220106_239_marius_vahter_ja_sven_kabanen_mikrobioomi_olulisusest_detoksist_ja_probiootikumidest,31,M,12.477833333333336,verbid,436,2096.5178249428986
20220114_2021_aasta_kokkuvte_epikoja_tegevjuhi_kohusetitjaga_tauno_asujaga,0,M,0.1205,verbid,1,497.92531120331944
20220114_2021_aasta_kokkuvte_epikoja_tegevjuhi_kohusetitjaga_tauno_asujaga,1,M,19.17216666666667,verbid,324,1013.9699042883345
20220203_dr_annika_uue_dr_aime_keis_kukkumise_traumadest_ja_emo_igapevasest_tst,0,F,23.404166666666665,verbid,757,1940.6800783336303
20220204_tahad_elada_oma_unistuste_elu_need_kaks_naist_aitavad_sul_seda_saavutada,0,F,0.1876666666666666,verbid,1,319.7158081705151
20220204_tahad_elada_oma_unistuste_elu_need_kaks_naist_aitavad_sul_seda_saavutada,1,F,40.18816666666667,verbid,968,1445.2015311306395
20220206_kollektiivne_katk_14006022022,2,M,14.377,verbid,410,1711.066286429714
20220206_kollektiivne_katk_14006022022,6,M,15.423333333333334,verbid,375,1458.828614653123
20220206_kollektiivne_katk_14006022022,12,M,0.8713333333333328,verbid,17,1170.6197398622808
20220206_kollektiivne_katk_14006022022,16,M,0.8841666666666659,verbid,22,1492.9311969839787
20220206_kollektiivne_katk_14006022022,18,M,40.13216666666667,verbid,1012,1513.000793212427
20220206_kollektiivne_katk_14006022022,26,M,13.609,verbid,383,1688.5884341244764
20220206_kollektiivne_katk_14006022022,28,M,1.3178333333333436,verbid,55,2504.110282028563
20220206_kollektiivne_katk_14006022022,29,M,1.944999999999997,verbid,46,1419.023136246789
20220216_kristina_kallas_eesti_200_ei_tegele_kersti_kaljulaiu_teemaga,0,F,20.730666666666668,verbid,691,1999.9356830460508
20220217_jrvamaa_ja_viljandimaa_kinnisvaraturu_levaade_ja_prognoos,0,F,1.5561666666666667,verbid,25,963.9070365213665
20220217_jrvamaa_ja_viljandimaa_kinnisvaraturu_levaade_ja_prognoos,1,F,3.164166666666666,verbid,65,1232.5520147484858
20220217_jrvamaa_ja_viljandimaa_kinnisvaraturu_levaade_ja_prognoos,2,F,4.681,verbid,135,1730.3994872890407
20220217_jrvamaa_ja_viljandimaa_kinnisvaraturu_levaade_ja_prognoos,3,F,21.296,verbid,559,1574.9436513899325
20220220_podcast_noorteaken_15__anett_mnniste_tasuta_vlismaale,2,F,32.540166666666664,verbid,976,1799.622005623819
20220222_annely_soots_tervislikust_ja_tisvrtuslikust_toitumisest,0,F,26.673,verbid,796,1790.5747384996062
20220223_kersti_kaljulaid_kas_mu_silmad_plevad_vimujanust,0,F,25.137,verbid,920,2195.966105740542
20220304_prnumaa_ja_saarte_kinnisvaraturulevaade,0,F,11.884166666666667,verbid,259,1307.6221863824414
20220304_prnumaa_ja_saarte_kinnisvaraturulevaade,1,F,1.7738333333333325,verbid,38,1285.3518744714843
20220304_prnumaa_ja_saarte_kinnisvaraturulevaade,2,F,2.0890000000000004,verbid,43,1235.0406893250356
20220304_prnumaa_ja_saarte_kinnisvaraturulevaade,3,F,2.402666666666668,verbid,59,1473.3629300776906
20220304_prnumaa_ja_saarte_kinnisvaraturulevaade,4,F,2.991333333333334,verbid,68,1363.94027189659
20220304_prnumaa_ja_saarte_kinnisvaraturulevaade,5,F,0.3770000000000019,verbid,8,1273.2095490716115
20220304_prnumaa_ja_saarte_kinnisvaraturulevaade,6,F,0.7833333333333333,verbid,16,1225.531914893617
20220304_prnumaa_ja_saarte_kinnisvaraturulevaade,7,F,0.5978333333333316,verbid,13,1304.7114580429368
20220304_prnumaa_ja_saarte_kinnisvaraturulevaade,8,F,1.7978333333333316,verbid,53,1768.7957726893499
20220304_prnumaa_ja_saarte_kinnisvaraturulevaade,9,F,2.7665,verbid,63,1366.3473703235134
20220306_podcast_noorteaken_16__eva_maria_hanson_eluks_valmis,2,F,27.668166666666668,verbid,791,1715.3286869988974
20220308_sodiaagisosinad_07031303_tundekllane_ndalalpp_loob_unenolise_atmosfri,0,F,17.593000000000004,verbid,425,1449.4401182288407
20220308_sodiaagisosinad_07031303_tundekllane_ndalalpp_loob_unenolise_atmosfri,1,F,3.3610000000000015,verbid,85,1517.4055340672412
20220308_sodiaagisosinad_07031303_tundekllane_ndalalpp_loob_unenolise_atmosfri,2,F,15.383333333333333,verbid,394,1536.7280606717227
20220308_sodiaagisosinad_07031303_tundekllane_ndalalpp_loob_unenolise_atmosfri,4,F,2.3818333333333386,verbid,62,1561.8221258134456
